,Year,Period,State,State ANSI,Data Item,Value
1002,1997,MARKETING YEAR,ALABAMA,1,"CORN, GRAIN - PRICE RECEIVED, MEASURED IN $ / BU",2.82
961,1998,MARKETING YEAR,ALABAMA,1,"CORN, GRAIN - PRICE RECEIVED, MEASURED IN $ / BU",2.31
920,1999,MARKETING YEAR,ALABAMA,1,"CORN, GRAIN - PRICE RECEIVED, MEASURED IN $ / BU",2.26
879,2000,MARKETING YEAR,ALABAMA,1,"CORN, GRAIN - PRICE RECEIVED, MEASURED IN $ / BU",2.16
838,2001,MARKETING YEAR,ALABAMA,1,"CORN, GRAIN - PRICE RECEIVED, MEASURED IN $ / BU",2.35
797,2002,MARKETING YEAR,ALABAMA,1,"CORN, GRAIN - PRICE RECEIVED, MEASURED IN $ / BU",2.72
756,2003,MARKETING YEAR,ALABAMA,1,"CORN, GRAIN - PRICE RECEIVED, MEASURED IN $ / BU",2.36
715,2004,MARKETING YEAR,ALABAMA,1,"CORN, GRAIN - PRICE RECEIVED, MEASURED IN $ / BU",2.48
674,2005,MARKETING YEAR,ALABAMA,1,"CORN, GRAIN - PRICE RECEIVED, MEASURED IN $ / BU",2.5
633,2006,MARKETING YEAR,ALABAMA,1,"CORN, GRAIN - PRICE RECEIVED, MEASURED IN $ / BU",2.91
592,2007,MARKETING YEAR,ALABAMA,1,"CORN, GRAIN - PRICE RECEIVED, MEASURED IN $ / BU",4.54
551,2008,MARKETING YEAR,ALABAMA,1,"CORN, GRAIN - PRICE RECEIVED, MEASURED IN $ / BU",5.26
510,2009,MARKETING YEAR,ALABAMA,1,"CORN, GRAIN - PRICE RECEIVED, MEASURED IN $ / BU",3.89
469,2010,MARKETING YEAR,ALABAMA,1,"CORN, GRAIN - PRICE RECEIVED, MEASURED IN $ / BU",5.07
428,2011,MARKETING YEAR,ALABAMA,1,"CORN, GRAIN - PRICE RECEIVED, MEASURED IN $ / BU",6.32
387,2012,MARKETING YEAR,ALABAMA,1,"CORN, GRAIN - PRICE RECEIVED, MEASURED IN $ / BU",7.18
346,2013,MARKETING YEAR,ALABAMA,1,"CORN, GRAIN - PRICE RECEIVED, MEASURED IN $ / BU",4.71
305,2014,MARKETING YEAR,ALABAMA,1,"CORN, GRAIN - PRICE RECEIVED, MEASURED IN $ / BU",3.75
264,2015,MARKETING YEAR,ALABAMA,1,"CORN, GRAIN - PRICE RECEIVED, MEASURED IN $ / BU",3.74
223,2016,MARKETING YEAR,ALABAMA,1,"CORN, GRAIN - PRICE RECEIVED, MEASURED IN $ / BU",3.63
173,2017,MARKETING YEAR,ALABAMA,1,"CORN, GRAIN - PRICE RECEIVED, MEASURED IN $ / BU",4.04
123,2018,MARKETING YEAR,ALABAMA,1,"CORN, GRAIN - PRICE RECEIVED, MEASURED IN $ / BU",4.11
82,2019,MARKETING YEAR,ALABAMA,1,"CORN, GRAIN - PRICE RECEIVED, MEASURED IN $ / BU",3.99
41,2020,MARKETING YEAR,ALABAMA,1,"CORN, GRAIN - PRICE RECEIVED, MEASURED IN $ / BU",5.14
0,2021,MARKETING YEAR,ALABAMA,1,"CORN, GRAIN - PRICE RECEIVED, MEASURED IN $ / BU",5.9
1003,1997,MARKETING YEAR,ARIZONA,4,"CORN, GRAIN - PRICE RECEIVED, MEASURED IN $ / BU",3.2
962,1998,MARKETING YEAR,ARIZONA,4,"CORN, GRAIN - PRICE RECEIVED, MEASURED IN $ / BU",2.75
921,1999,MARKETING YEAR,ARIZONA,4,"CORN, GRAIN - PRICE RECEIVED, MEASURED IN $ / BU",2.72
880,2000,MARKETING YEAR,ARIZONA,4,"CORN, GRAIN - PRICE RECEIVED, MEASURED IN $ / BU",2.78
839,2001,MARKETING YEAR,ARIZONA,4,"CORN, GRAIN - PRICE RECEIVED, MEASURED IN $ / BU",2.79
798,2002,MARKETING YEAR,ARIZONA,4,"CORN, GRAIN - PRICE RECEIVED, MEASURED IN $ / BU",3.14
757,2003,MARKETING YEAR,ARIZONA,4,"CORN, GRAIN - PRICE RECEIVED, MEASURED IN $ / BU",3.28
716,2004,MARKETING YEAR,ARIZONA,4,"CORN, GRAIN - PRICE RECEIVED, MEASURED IN $ / BU",3.03
675,2005,MARKETING YEAR,ARIZONA,4,"CORN, GRAIN - PRICE RECEIVED, MEASURED IN $ / BU",3.18
634,2006,MARKETING YEAR,ARIZONA,4,"CORN, GRAIN - PRICE RECEIVED, MEASURED IN $ / BU",4.37
593,2007,MARKETING YEAR,ARIZONA,4,"CORN, GRAIN - PRICE RECEIVED, MEASURED IN $ / BU",5.03
552,2008,MARKETING YEAR,ARIZONA,4,"CORN, GRAIN - PRICE RECEIVED, MEASURED IN $ / BU",5.8
511,2009,MARKETING YEAR,ARIZONA,4,"CORN, GRAIN - PRICE RECEIVED, MEASURED IN $ / BU",4.14
470,2010,MARKETING YEAR,ARIZONA,4,"CORN, GRAIN - PRICE RECEIVED, MEASURED IN $ / BU",5.8
429,2011,MARKETING YEAR,ARIZONA,4,"CORN, GRAIN - PRICE RECEIVED, MEASURED IN $ / BU",6.78
388,2012,MARKETING YEAR,ARIZONA,4,"CORN, GRAIN - PRICE RECEIVED, MEASURED IN $ / BU",7.84
347,2013,MARKETING YEAR,ARIZONA,4,"CORN, GRAIN - PRICE RECEIVED, MEASURED IN $ / BU",5.89
306,2014,MARKETING YEAR,ARIZONA,4,"CORN, GRAIN - PRICE RECEIVED, MEASURED IN $ / BU",5.36
265,2015,MARKETING YEAR,ARIZONA,4,"CORN, GRAIN - PRICE RECEIVED, MEASURED IN $ / BU",4.98
224,2016,MARKETING YEAR,ARIZONA,4,"CORN, GRAIN - PRICE RECEIVED, MEASURED IN $ / BU",4.73
175,2017,MARKETING YEAR,ARIZONA,4,"CORN, GRAIN - PRICE RECEIVED, MEASURED IN $ / BU",4.55
125,2018,MARKETING YEAR,ARIZONA,4,"CORN, GRAIN - PRICE RECEIVED, MEASURED IN $ / BU",4.96
83,2019,MARKETING YEAR,ARIZONA,4,"CORN, GRAIN - PRICE RECEIVED, MEASURED IN $ / BU",5.4
42,2020,MARKETING YEAR,ARIZONA,4,"CORN, GRAIN - PRICE RECEIVED, MEASURED IN $ / BU",5.4
1,2021,MARKETING YEAR,ARIZONA,4,"CORN, GRAIN - PRICE RECEIVED, MEASURED IN $ / BU",6.6
1004,1997,MARKETING YEAR,ARKANSAS,5,"CORN, GRAIN - PRICE RECEIVED, MEASURED IN $ / BU",2.51
963,1998,MARKETING YEAR,ARKANSAS,5,"CORN, GRAIN - PRICE RECEIVED, MEASURED IN $ / BU",1.85
922,1999,MARKETING YEAR,ARKANSAS,5,"CORN, GRAIN - PRICE RECEIVED, MEASURED IN $ / BU",1.74
881,2000,MARKETING YEAR,ARKANSAS,5,"CORN, GRAIN - PRICE RECEIVED, MEASURED IN $ / BU",1.75
840,2001,MARKETING YEAR,ARKANSAS,5,"CORN, GRAIN - PRICE RECEIVED, MEASURED IN $ / BU",2.02
799,2002,MARKETING YEAR,ARKANSAS,5,"CORN, GRAIN - PRICE RECEIVED, MEASURED IN $ / BU",2.43
758,2003,MARKETING YEAR,ARKANSAS,5,"CORN, GRAIN - PRICE RECEIVED, MEASURED IN $ / BU",2.37
717,2004,MARKETING YEAR,ARKANSAS,5,"CORN, GRAIN - PRICE RECEIVED, MEASURED IN $ / BU",2.39
676,2005,MARKETING YEAR,ARKANSAS,5,"CORN, GRAIN - PRICE RECEIVED, MEASURED IN $ / BU",2.15
635,2006,MARKETING YEAR,ARKANSAS,5,"CORN, GRAIN - PRICE RECEIVED, MEASURED IN $ / BU",2.73
594,2007,MARKETING YEAR,ARKANSAS,5,"CORN, GRAIN - PRICE RECEIVED, MEASURED IN $ / BU",3.8
553,2008,MARKETING YEAR,ARKANSAS,5,"CORN, GRAIN - PRICE RECEIVED, MEASURED IN $ / BU",4.42
512,2009,MARKETING YEAR,ARKANSAS,5,"CORN, GRAIN - PRICE RECEIVED, MEASURED IN $ / BU",3.79
471,2010,MARKETING YEAR,ARKANSAS,5,"CORN, GRAIN - PRICE RECEIVED, MEASURED IN $ / BU",4.55
430,2011,MARKETING YEAR,ARKANSAS,5,"CORN, GRAIN - PRICE RECEIVED, MEASURED IN $ / BU",6.27
389,2012,MARKETING YEAR,ARKANSAS,5,"CORN, GRAIN - PRICE RECEIVED, MEASURED IN $ / BU",6.81
348,2013,MARKETING YEAR,ARKANSAS,5,"CORN, GRAIN - PRICE RECEIVED, MEASURED IN $ / BU",5.12
307,2014,MARKETING YEAR,ARKANSAS,5,"CORN, GRAIN - PRICE RECEIVED, MEASURED IN $ / BU",4.13
266,2015,MARKETING YEAR,ARKANSAS,5,"CORN, GRAIN - PRICE RECEIVED, MEASURED IN $ / BU",4.11
225,2016,MARKETING YEAR,ARKANSAS,5,"CORN, GRAIN - PRICE RECEIVED, MEASURED IN $ / BU",3.69
176,2017,MARKETING YEAR,ARKANSAS,5,"CORN, GRAIN - PRICE RECEIVED, MEASURED IN $ / BU",3.64
126,2018,MARKETING YEAR,ARKANSAS,5,"CORN, GRAIN - PRICE RECEIVED, MEASURED IN $ / BU",3.8
84,2019,MARKETING YEAR,ARKANSAS,5,"CORN, GRAIN - PRICE RECEIVED, MEASURED IN $ / BU",3.86
43,2020,MARKETING YEAR,ARKANSAS,5,"CORN, GRAIN - PRICE RECEIVED, MEASURED IN $ / BU",4.49
2,2021,MARKETING YEAR,ARKANSAS,5,"CORN, GRAIN - PRICE RECEIVED, MEASURED IN $ / BU",5.4
1005,1997,MARKETING YEAR,CALIFORNIA,6,"CORN, GRAIN - PRICE RECEIVED, MEASURED IN $ / BU",3.05
964,1998,MARKETING YEAR,CALIFORNIA,6,"CORN, GRAIN - PRICE RECEIVED, MEASURED IN $ / BU",2.66
923,1999,MARKETING YEAR,CALIFORNIA,6,"CORN, GRAIN - PRICE RECEIVED, MEASURED IN $ / BU",2.5
882,2000,MARKETING YEAR,CALIFORNIA,6,"CORN, GRAIN - PRICE RECEIVED, MEASURED IN $ / BU",2.44
841,2001,MARKETING YEAR,CALIFORNIA,6,"CORN, GRAIN - PRICE RECEIVED, MEASURED IN $ / BU",2.45
800,2002,MARKETING YEAR,CALIFORNIA,6,"CORN, GRAIN - PRICE RECEIVED, MEASURED IN $ / BU",2.73
759,2003,MARKETING YEAR,CALIFORNIA,6,"CORN, GRAIN - PRICE RECEIVED, MEASURED IN $ / BU",2.9
718,2004,MARKETING YEAR,CALIFORNIA,6,"CORN, GRAIN - PRICE RECEIVED, MEASURED IN $ / BU",2.65
677,2005,MARKETING YEAR,CALIFORNIA,6,"CORN, GRAIN - PRICE RECEIVED, MEASURED IN $ / BU",2.7
636,2006,MARKETING YEAR,CALIFORNIA,6,"CORN, GRAIN - PRICE RECEIVED, MEASURED IN $ / BU",3.35
595,2007,MARKETING YEAR,CALIFORNIA,6,"CORN, GRAIN - PRICE RECEIVED, MEASURED IN $ / BU",4.28
554,2008,MARKETING YEAR,CALIFORNIA,6,"CORN, GRAIN - PRICE RECEIVED, MEASURED IN $ / BU",4.77
513,2009,MARKETING YEAR,CALIFORNIA,6,"CORN, GRAIN - PRICE RECEIVED, MEASURED IN $ / BU",4.28
472,2010,MARKETING YEAR,CALIFORNIA,6,"CORN, GRAIN - PRICE RECEIVED, MEASURED IN $ / BU",5.08
431,2011,MARKETING YEAR,CALIFORNIA,6,"CORN, GRAIN - PRICE RECEIVED, MEASURED IN $ / BU",6.41
390,2012,MARKETING YEAR,CALIFORNIA,6,"CORN, GRAIN - PRICE RECEIVED, MEASURED IN $ / BU",6.68
349,2013,MARKETING YEAR,CALIFORNIA,6,"CORN, GRAIN - PRICE RECEIVED, MEASURED IN $ / BU",5.33
308,2014,MARKETING YEAR,CALIFORNIA,6,"CORN, GRAIN - PRICE RECEIVED, MEASURED IN $ / BU",4.81
267,2015,MARKETING YEAR,CALIFORNIA,6,"CORN, GRAIN - PRICE RECEIVED, MEASURED IN $ / BU",4.39
226,2016,MARKETING YEAR,CALIFORNIA,6,"CORN, GRAIN - PRICE RECEIVED, MEASURED IN $ / BU",4.69
177,2017,MARKETING YEAR,CALIFORNIA,6,"CORN, GRAIN - PRICE RECEIVED, MEASURED IN $ / BU",4.2
127,2018,MARKETING YEAR,CALIFORNIA,6,"CORN, GRAIN - PRICE RECEIVED, MEASURED IN $ / BU",4.4
85,2019,MARKETING YEAR,CALIFORNIA,6,"CORN, GRAIN - PRICE RECEIVED, MEASURED IN $ / BU",4.6
44,2020,MARKETING YEAR,CALIFORNIA,6,"CORN, GRAIN - PRICE RECEIVED, MEASURED IN $ / BU",4.75
3,2021,MARKETING YEAR,CALIFORNIA,6,"CORN, GRAIN - PRICE RECEIVED, MEASURED IN $ / BU",6.15
1006,1997,MARKETING YEAR,COLORADO,8,"CORN, GRAIN - PRICE RECEIVED, MEASURED IN $ / BU",2.59
965,1998,MARKETING YEAR,COLORADO,8,"CORN, GRAIN - PRICE RECEIVED, MEASURED IN $ / BU",1.96
924,1999,MARKETING YEAR,COLORADO,8,"CORN, GRAIN - PRICE RECEIVED, MEASURED IN $ / BU",1.84
883,2000,MARKETING YEAR,COLORADO,8,"CORN, GRAIN - PRICE RECEIVED, MEASURED IN $ / BU",2.08
842,2001,MARKETING YEAR,COLORADO,8,"CORN, GRAIN - PRICE RECEIVED, MEASURED IN $ / BU",2.13
801,2002,MARKETING YEAR,COLORADO,8,"CORN, GRAIN - PRICE RECEIVED, MEASURED IN $ / BU",2.53
760,2003,MARKETING YEAR,COLORADO,8,"CORN, GRAIN - PRICE RECEIVED, MEASURED IN $ / BU",2.49
719,2004,MARKETING YEAR,COLORADO,8,"CORN, GRAIN - PRICE RECEIVED, MEASURED IN $ / BU",2.23
678,2005,MARKETING YEAR,COLORADO,8,"CORN, GRAIN - PRICE RECEIVED, MEASURED IN $ / BU",2.23
637,2006,MARKETING YEAR,COLORADO,8,"CORN, GRAIN - PRICE RECEIVED, MEASURED IN $ / BU",3.02
596,2007,MARKETING YEAR,COLORADO,8,"CORN, GRAIN - PRICE RECEIVED, MEASURED IN $ / BU",3.96
555,2008,MARKETING YEAR,COLORADO,8,"CORN, GRAIN - PRICE RECEIVED, MEASURED IN $ / BU",4.14
514,2009,MARKETING YEAR,COLORADO,8,"CORN, GRAIN - PRICE RECEIVED, MEASURED IN $ / BU",3.68
473,2010,MARKETING YEAR,COLORADO,8,"CORN, GRAIN - PRICE RECEIVED, MEASURED IN $ / BU",4.98
432,2011,MARKETING YEAR,COLORADO,8,"CORN, GRAIN - PRICE RECEIVED, MEASURED IN $ / BU",6.15
391,2012,MARKETING YEAR,COLORADO,8,"CORN, GRAIN - PRICE RECEIVED, MEASURED IN $ / BU",6.86
350,2013,MARKETING YEAR,COLORADO,8,"CORN, GRAIN - PRICE RECEIVED, MEASURED IN $ / BU",4.61
309,2014,MARKETING YEAR,COLORADO,8,"CORN, GRAIN - PRICE RECEIVED, MEASURED IN $ / BU",3.95
268,2015,MARKETING YEAR,COLORADO,8,"CORN, GRAIN - PRICE RECEIVED, MEASURED IN $ / BU",3.69
227,2016,MARKETING YEAR,COLORADO,8,"CORN, GRAIN - PRICE RECEIVED, MEASURED IN $ / BU",3.42
178,2017,MARKETING YEAR,COLORADO,8,"CORN, GRAIN - PRICE RECEIVED, MEASURED IN $ / BU",3.37
128,2018,MARKETING YEAR,COLORADO,8,"CORN, GRAIN - PRICE RECEIVED, MEASURED IN $ / BU",3.7
86,2019,MARKETING YEAR,COLORADO,8,"CORN, GRAIN - PRICE RECEIVED, MEASURED IN $ / BU",3.68
45,2020,MARKETING YEAR,COLORADO,8,"CORN, GRAIN - PRICE RECEIVED, MEASURED IN $ / BU",4.62
4,2021,MARKETING YEAR,COLORADO,8,"CORN, GRAIN - PRICE RECEIVED, MEASURED IN $ / BU",5.7
1007,1997,MARKETING YEAR,DELAWARE,10,"CORN, GRAIN - PRICE RECEIVED, MEASURED IN $ / BU",2.95
966,1998,MARKETING YEAR,DELAWARE,10,"CORN, GRAIN - PRICE RECEIVED, MEASURED IN $ / BU",2.37
925,1999,MARKETING YEAR,DELAWARE,10,"CORN, GRAIN - PRICE RECEIVED, MEASURED IN $ / BU",2.34
884,2000,MARKETING YEAR,DELAWARE,10,"CORN, GRAIN - PRICE RECEIVED, MEASURED IN $ / BU",2.01
843,2001,MARKETING YEAR,DELAWARE,10,"CORN, GRAIN - PRICE RECEIVED, MEASURED IN $ / BU",2.15
802,2002,MARKETING YEAR,DELAWARE,10,"CORN, GRAIN - PRICE RECEIVED, MEASURED IN $ / BU",2.85
761,2003,MARKETING YEAR,DELAWARE,10,"CORN, GRAIN - PRICE RECEIVED, MEASURED IN $ / BU",2.87
720,2004,MARKETING YEAR,DELAWARE,10,"CORN, GRAIN - PRICE RECEIVED, MEASURED IN $ / BU",2.19
679,2005,MARKETING YEAR,DELAWARE,10,"CORN, GRAIN - PRICE RECEIVED, MEASURED IN $ / BU",2.25
638,2006,MARKETING YEAR,DELAWARE,10,"CORN, GRAIN - PRICE RECEIVED, MEASURED IN $ / BU",3.61
597,2007,MARKETING YEAR,DELAWARE,10,"CORN, GRAIN - PRICE RECEIVED, MEASURED IN $ / BU",4.76
556,2008,MARKETING YEAR,DELAWARE,10,"CORN, GRAIN - PRICE RECEIVED, MEASURED IN $ / BU",4.57
515,2009,MARKETING YEAR,DELAWARE,10,"CORN, GRAIN - PRICE RECEIVED, MEASURED IN $ / BU",3.8
474,2010,MARKETING YEAR,DELAWARE,10,"CORN, GRAIN - PRICE RECEIVED, MEASURED IN $ / BU",6.21
433,2011,MARKETING YEAR,DELAWARE,10,"CORN, GRAIN - PRICE RECEIVED, MEASURED IN $ / BU",6.93
392,2012,MARKETING YEAR,DELAWARE,10,"CORN, GRAIN - PRICE RECEIVED, MEASURED IN $ / BU",7.55
351,2013,MARKETING YEAR,DELAWARE,10,"CORN, GRAIN - PRICE RECEIVED, MEASURED IN $ / BU",4.94
310,2014,MARKETING YEAR,DELAWARE,10,"CORN, GRAIN - PRICE RECEIVED, MEASURED IN $ / BU",3.83
269,2015,MARKETING YEAR,DELAWARE,10,"CORN, GRAIN - PRICE RECEIVED, MEASURED IN $ / BU",3.88
228,2016,MARKETING YEAR,DELAWARE,10,"CORN, GRAIN - PRICE RECEIVED, MEASURED IN $ / BU",4.09
180,2017,MARKETING YEAR,DELAWARE,10,"CORN, GRAIN - PRICE RECEIVED, MEASURED IN $ / BU",4.02
130,2018,MARKETING YEAR,DELAWARE,10,"CORN, GRAIN - PRICE RECEIVED, MEASURED IN $ / BU",4.11
87,2019,MARKETING YEAR,DELAWARE,10,"CORN, GRAIN - PRICE RECEIVED, MEASURED IN $ / BU",4.3
46,2020,MARKETING YEAR,DELAWARE,10,"CORN, GRAIN - PRICE RECEIVED, MEASURED IN $ / BU",5.6
5,2021,MARKETING YEAR,DELAWARE,10,"CORN, GRAIN - PRICE RECEIVED, MEASURED IN $ / BU",5.95
1008,1997,MARKETING YEAR,FLORIDA,12,"CORN, GRAIN - PRICE RECEIVED, MEASURED IN $ / BU",2.9
967,1998,MARKETING YEAR,FLORIDA,12,"CORN, GRAIN - PRICE RECEIVED, MEASURED IN $ / BU",2.3
926,1999,MARKETING YEAR,FLORIDA,12,"CORN, GRAIN - PRICE RECEIVED, MEASURED IN $ / BU",2.32
885,2000,MARKETING YEAR,FLORIDA,12,"CORN, GRAIN - PRICE RECEIVED, MEASURED IN $ / BU",2.24
844,2001,MARKETING YEAR,FLORIDA,12,"CORN, GRAIN - PRICE RECEIVED, MEASURED IN $ / BU",2.25
803,2002,MARKETING YEAR,FLORIDA,12,"CORN, GRAIN - PRICE RECEIVED, MEASURED IN $ / BU",2.6
762,2003,MARKETING YEAR,FLORIDA,12,"CORN, GRAIN - PRICE RECEIVED, MEASURED IN $ / BU",2.55
721,2004,MARKETING YEAR,FLORIDA,12,"CORN, GRAIN - PRICE RECEIVED, MEASURED IN $ / BU",2.3
680,2005,MARKETING YEAR,FLORIDA,12,"CORN, GRAIN - PRICE RECEIVED, MEASURED IN $ / BU",2.0
639,2006,MARKETING YEAR,FLORIDA,12,"CORN, GRAIN - PRICE RECEIVED, MEASURED IN $ / BU",2.8
598,2007,MARKETING YEAR,FLORIDA,12,"CORN, GRAIN - PRICE RECEIVED, MEASURED IN $ / BU",4.0
557,2008,MARKETING YEAR,FLORIDA,12,"CORN, GRAIN - PRICE RECEIVED, MEASURED IN $ / BU",4.5
516,2009,MARKETING YEAR,FLORIDA,12,"CORN, GRAIN - PRICE RECEIVED, MEASURED IN $ / BU",4.0
475,2010,MARKETING YEAR,FLORIDA,12,"CORN, GRAIN - PRICE RECEIVED, MEASURED IN $ / BU",4.7
434,2011,MARKETING YEAR,FLORIDA,12,"CORN, GRAIN - PRICE RECEIVED, MEASURED IN $ / BU",6.65
393,2012,MARKETING YEAR,FLORIDA,12,"CORN, GRAIN - PRICE RECEIVED, MEASURED IN $ / BU",7.5
352,2013,MARKETING YEAR,FLORIDA,12,"CORN, GRAIN - PRICE RECEIVED, MEASURED IN $ / BU",4.51
311,2014,MARKETING YEAR,FLORIDA,12,"CORN, GRAIN - PRICE RECEIVED, MEASURED IN $ / BU",3.65
270,2015,MARKETING YEAR,FLORIDA,12,"CORN, GRAIN - PRICE RECEIVED, MEASURED IN $ / BU",3.8
229,2016,MARKETING YEAR,FLORIDA,12,"CORN, GRAIN - PRICE RECEIVED, MEASURED IN $ / BU",3.93
181,2017,MARKETING YEAR,FLORIDA,12,"CORN, GRAIN - PRICE RECEIVED, MEASURED IN $ / BU",4.47
131,2018,MARKETING YEAR,FLORIDA,12,"CORN, GRAIN - PRICE RECEIVED, MEASURED IN $ / BU",4.47
88,2019,MARKETING YEAR,FLORIDA,12,"CORN, GRAIN - PRICE RECEIVED, MEASURED IN $ / BU",4.39
47,2020,MARKETING YEAR,FLORIDA,12,"CORN, GRAIN - PRICE RECEIVED, MEASURED IN $ / BU",5.67
6,2021,MARKETING YEAR,FLORIDA,12,"CORN, GRAIN - PRICE RECEIVED, MEASURED IN $ / BU",6.05
1009,1997,MARKETING YEAR,GEORGIA,13,"CORN, GRAIN - PRICE RECEIVED, MEASURED IN $ / BU",2.9
968,1998,MARKETING YEAR,GEORGIA,13,"CORN, GRAIN - PRICE RECEIVED, MEASURED IN $ / BU",2.46
927,1999,MARKETING YEAR,GEORGIA,13,"CORN, GRAIN - PRICE RECEIVED, MEASURED IN $ / BU",2.27
886,2000,MARKETING YEAR,GEORGIA,13,"CORN, GRAIN - PRICE RECEIVED, MEASURED IN $ / BU",2.06
845,2001,MARKETING YEAR,GEORGIA,13,"CORN, GRAIN - PRICE RECEIVED, MEASURED IN $ / BU",2.32
804,2002,MARKETING YEAR,GEORGIA,13,"CORN, GRAIN - PRICE RECEIVED, MEASURED IN $ / BU",2.7
763,2003,MARKETING YEAR,GEORGIA,13,"CORN, GRAIN - PRICE RECEIVED, MEASURED IN $ / BU",2.45
722,2004,MARKETING YEAR,GEORGIA,13,"CORN, GRAIN - PRICE RECEIVED, MEASURED IN $ / BU",2.2
681,2005,MARKETING YEAR,GEORGIA,13,"CORN, GRAIN - PRICE RECEIVED, MEASURED IN $ / BU",2.2
640,2006,MARKETING YEAR,GEORGIA,13,"CORN, GRAIN - PRICE RECEIVED, MEASURED IN $ / BU",3.0
599,2007,MARKETING YEAR,GEORGIA,13,"CORN, GRAIN - PRICE RECEIVED, MEASURED IN $ / BU",4.5
558,2008,MARKETING YEAR,GEORGIA,13,"CORN, GRAIN - PRICE RECEIVED, MEASURED IN $ / BU",4.5
517,2009,MARKETING YEAR,GEORGIA,13,"CORN, GRAIN - PRICE RECEIVED, MEASURED IN $ / BU",4.1
476,2010,MARKETING YEAR,GEORGIA,13,"CORN, GRAIN - PRICE RECEIVED, MEASURED IN $ / BU",5.95
435,2011,MARKETING YEAR,GEORGIA,13,"CORN, GRAIN - PRICE RECEIVED, MEASURED IN $ / BU",7.3
394,2012,MARKETING YEAR,GEORGIA,13,"CORN, GRAIN - PRICE RECEIVED, MEASURED IN $ / BU",7.9
353,2013,MARKETING YEAR,GEORGIA,13,"CORN, GRAIN - PRICE RECEIVED, MEASURED IN $ / BU",5.17
312,2014,MARKETING YEAR,GEORGIA,13,"CORN, GRAIN - PRICE RECEIVED, MEASURED IN $ / BU",4.17
271,2015,MARKETING YEAR,GEORGIA,13,"CORN, GRAIN - PRICE RECEIVED, MEASURED IN $ / BU",3.9
230,2016,MARKETING YEAR,GEORGIA,13,"CORN, GRAIN - PRICE RECEIVED, MEASURED IN $ / BU",3.88
182,2017,MARKETING YEAR,GEORGIA,13,"CORN, GRAIN - PRICE RECEIVED, MEASURED IN $ / BU",4.33
132,2018,MARKETING YEAR,GEORGIA,13,"CORN, GRAIN - PRICE RECEIVED, MEASURED IN $ / BU",4.35
89,2019,MARKETING YEAR,GEORGIA,13,"CORN, GRAIN - PRICE RECEIVED, MEASURED IN $ / BU",4.53
48,2020,MARKETING YEAR,GEORGIA,13,"CORN, GRAIN - PRICE RECEIVED, MEASURED IN $ / BU",5.08
7,2021,MARKETING YEAR,GEORGIA,13,"CORN, GRAIN - PRICE RECEIVED, MEASURED IN $ / BU",5.8
1010,1997,MARKETING YEAR,IDAHO,16,"CORN, GRAIN - PRICE RECEIVED, MEASURED IN $ / BU",3.03
969,1998,MARKETING YEAR,IDAHO,16,"CORN, GRAIN - PRICE RECEIVED, MEASURED IN $ / BU",2.55
928,1999,MARKETING YEAR,IDAHO,16,"CORN, GRAIN - PRICE RECEIVED, MEASURED IN $ / BU",2.34
887,2000,MARKETING YEAR,IDAHO,16,"CORN, GRAIN - PRICE RECEIVED, MEASURED IN $ / BU",2.63
846,2001,MARKETING YEAR,IDAHO,16,"CORN, GRAIN - PRICE RECEIVED, MEASURED IN $ / BU",2.64
805,2002,MARKETING YEAR,IDAHO,16,"CORN, GRAIN - PRICE RECEIVED, MEASURED IN $ / BU",2.91
764,2003,MARKETING YEAR,IDAHO,16,"CORN, GRAIN - PRICE RECEIVED, MEASURED IN $ / BU",2.94
723,2004,MARKETING YEAR,IDAHO,16,"CORN, GRAIN - PRICE RECEIVED, MEASURED IN $ / BU",2.82
682,2005,MARKETING YEAR,IDAHO,16,"CORN, GRAIN - PRICE RECEIVED, MEASURED IN $ / BU",2.68
641,2006,MARKETING YEAR,IDAHO,16,"CORN, GRAIN - PRICE RECEIVED, MEASURED IN $ / BU",3.89
600,2007,MARKETING YEAR,IDAHO,16,"CORN, GRAIN - PRICE RECEIVED, MEASURED IN $ / BU",4.96
559,2008,MARKETING YEAR,IDAHO,16,"CORN, GRAIN - PRICE RECEIVED, MEASURED IN $ / BU",4.32
518,2009,MARKETING YEAR,IDAHO,16,"CORN, GRAIN - PRICE RECEIVED, MEASURED IN $ / BU",4.23
477,2010,MARKETING YEAR,IDAHO,16,"CORN, GRAIN - PRICE RECEIVED, MEASURED IN $ / BU",5.27
436,2011,MARKETING YEAR,IDAHO,16,"CORN, GRAIN - PRICE RECEIVED, MEASURED IN $ / BU",6.96
395,2012,MARKETING YEAR,IDAHO,16,"CORN, GRAIN - PRICE RECEIVED, MEASURED IN $ / BU",7.1
354,2013,MARKETING YEAR,IDAHO,16,"CORN, GRAIN - PRICE RECEIVED, MEASURED IN $ / BU",4.91
313,2014,MARKETING YEAR,IDAHO,16,"CORN, GRAIN - PRICE RECEIVED, MEASURED IN $ / BU",4.16
272,2015,MARKETING YEAR,IDAHO,16,"CORN, GRAIN - PRICE RECEIVED, MEASURED IN $ / BU",4.71
231,2016,MARKETING YEAR,IDAHO,16,"CORN, GRAIN - PRICE RECEIVED, MEASURED IN $ / BU",4.44
184,2017,MARKETING YEAR,IDAHO,16,"CORN, GRAIN - PRICE RECEIVED, MEASURED IN $ / BU",4.21
134,2018,MARKETING YEAR,IDAHO,16,"CORN, GRAIN - PRICE RECEIVED, MEASURED IN $ / BU",4.42
90,2019,MARKETING YEAR,IDAHO,16,"CORN, GRAIN - PRICE RECEIVED, MEASURED IN $ / BU",4.47
49,2020,MARKETING YEAR,IDAHO,16,"CORN, GRAIN - PRICE RECEIVED, MEASURED IN $ / BU",4.8
8,2021,MARKETING YEAR,IDAHO,16,"CORN, GRAIN - PRICE RECEIVED, MEASURED IN $ / BU",5.9
1011,1997,MARKETING YEAR,ILLINOIS,17,"CORN, GRAIN - PRICE RECEIVED, MEASURED IN $ / BU",2.53
970,1998,MARKETING YEAR,ILLINOIS,17,"CORN, GRAIN - PRICE RECEIVED, MEASURED IN $ / BU",2.04
929,1999,MARKETING YEAR,ILLINOIS,17,"CORN, GRAIN - PRICE RECEIVED, MEASURED IN $ / BU",1.91
888,2000,MARKETING YEAR,ILLINOIS,17,"CORN, GRAIN - PRICE RECEIVED, MEASURED IN $ / BU",1.91
847,2001,MARKETING YEAR,ILLINOIS,17,"CORN, GRAIN - PRICE RECEIVED, MEASURED IN $ / BU",2.04
806,2002,MARKETING YEAR,ILLINOIS,17,"CORN, GRAIN - PRICE RECEIVED, MEASURED IN $ / BU",2.35
765,2003,MARKETING YEAR,ILLINOIS,17,"CORN, GRAIN - PRICE RECEIVED, MEASURED IN $ / BU",2.42
724,2004,MARKETING YEAR,ILLINOIS,17,"CORN, GRAIN - PRICE RECEIVED, MEASURED IN $ / BU",2.14
683,2005,MARKETING YEAR,ILLINOIS,17,"CORN, GRAIN - PRICE RECEIVED, MEASURED IN $ / BU",2.08
642,2006,MARKETING YEAR,ILLINOIS,17,"CORN, GRAIN - PRICE RECEIVED, MEASURED IN $ / BU",3.07
601,2007,MARKETING YEAR,ILLINOIS,17,"CORN, GRAIN - PRICE RECEIVED, MEASURED IN $ / BU",4.09
560,2008,MARKETING YEAR,ILLINOIS,17,"CORN, GRAIN - PRICE RECEIVED, MEASURED IN $ / BU",4.01
519,2009,MARKETING YEAR,ILLINOIS,17,"CORN, GRAIN - PRICE RECEIVED, MEASURED IN $ / BU",3.53
478,2010,MARKETING YEAR,ILLINOIS,17,"CORN, GRAIN - PRICE RECEIVED, MEASURED IN $ / BU",5.24
437,2011,MARKETING YEAR,ILLINOIS,17,"CORN, GRAIN - PRICE RECEIVED, MEASURED IN $ / BU",6.25
396,2012,MARKETING YEAR,ILLINOIS,17,"CORN, GRAIN - PRICE RECEIVED, MEASURED IN $ / BU",6.87
355,2013,MARKETING YEAR,ILLINOIS,17,"CORN, GRAIN - PRICE RECEIVED, MEASURED IN $ / BU",4.52
314,2014,MARKETING YEAR,ILLINOIS,17,"CORN, GRAIN - PRICE RECEIVED, MEASURED IN $ / BU",3.71
273,2015,MARKETING YEAR,ILLINOIS,17,"CORN, GRAIN - PRICE RECEIVED, MEASURED IN $ / BU",3.69
232,2016,MARKETING YEAR,ILLINOIS,17,"CORN, GRAIN - PRICE RECEIVED, MEASURED IN $ / BU",3.43
185,2017,MARKETING YEAR,ILLINOIS,17,"CORN, GRAIN - PRICE RECEIVED, MEASURED IN $ / BU",3.41
135,2018,MARKETING YEAR,ILLINOIS,17,"CORN, GRAIN - PRICE RECEIVED, MEASURED IN $ / BU",3.62
91,2019,MARKETING YEAR,ILLINOIS,17,"CORN, GRAIN - PRICE RECEIVED, MEASURED IN $ / BU",3.55
50,2020,MARKETING YEAR,ILLINOIS,17,"CORN, GRAIN - PRICE RECEIVED, MEASURED IN $ / BU",4.46
9,2021,MARKETING YEAR,ILLINOIS,17,"CORN, GRAIN - PRICE RECEIVED, MEASURED IN $ / BU",5.4
1012,1997,MARKETING YEAR,INDIANA,18,"CORN, GRAIN - PRICE RECEIVED, MEASURED IN $ / BU",2.53
971,1998,MARKETING YEAR,INDIANA,18,"CORN, GRAIN - PRICE RECEIVED, MEASURED IN $ / BU",2.11
930,1999,MARKETING YEAR,INDIANA,18,"CORN, GRAIN - PRICE RECEIVED, MEASURED IN $ / BU",1.88
889,2000,MARKETING YEAR,INDIANA,18,"CORN, GRAIN - PRICE RECEIVED, MEASURED IN $ / BU",1.9
848,2001,MARKETING YEAR,INDIANA,18,"CORN, GRAIN - PRICE RECEIVED, MEASURED IN $ / BU",1.98
807,2002,MARKETING YEAR,INDIANA,18,"CORN, GRAIN - PRICE RECEIVED, MEASURED IN $ / BU",2.41
766,2003,MARKETING YEAR,INDIANA,18,"CORN, GRAIN - PRICE RECEIVED, MEASURED IN $ / BU",2.53
725,2004,MARKETING YEAR,INDIANA,18,"CORN, GRAIN - PRICE RECEIVED, MEASURED IN $ / BU",1.99
684,2005,MARKETING YEAR,INDIANA,18,"CORN, GRAIN - PRICE RECEIVED, MEASURED IN $ / BU",2.0
643,2006,MARKETING YEAR,INDIANA,18,"CORN, GRAIN - PRICE RECEIVED, MEASURED IN $ / BU",3.17
602,2007,MARKETING YEAR,INDIANA,18,"CORN, GRAIN - PRICE RECEIVED, MEASURED IN $ / BU",4.39
561,2008,MARKETING YEAR,INDIANA,18,"CORN, GRAIN - PRICE RECEIVED, MEASURED IN $ / BU",4.1
520,2009,MARKETING YEAR,INDIANA,18,"CORN, GRAIN - PRICE RECEIVED, MEASURED IN $ / BU",3.66
479,2010,MARKETING YEAR,INDIANA,18,"CORN, GRAIN - PRICE RECEIVED, MEASURED IN $ / BU",5.38
438,2011,MARKETING YEAR,INDIANA,18,"CORN, GRAIN - PRICE RECEIVED, MEASURED IN $ / BU",6.31
397,2012,MARKETING YEAR,INDIANA,18,"CORN, GRAIN - PRICE RECEIVED, MEASURED IN $ / BU",7.23
356,2013,MARKETING YEAR,INDIANA,18,"CORN, GRAIN - PRICE RECEIVED, MEASURED IN $ / BU",4.47
315,2014,MARKETING YEAR,INDIANA,18,"CORN, GRAIN - PRICE RECEIVED, MEASURED IN $ / BU",3.75
274,2015,MARKETING YEAR,INDIANA,18,"CORN, GRAIN - PRICE RECEIVED, MEASURED IN $ / BU",3.92
233,2016,MARKETING YEAR,INDIANA,18,"CORN, GRAIN - PRICE RECEIVED, MEASURED IN $ / BU",3.63
186,2017,MARKETING YEAR,INDIANA,18,"CORN, GRAIN - PRICE RECEIVED, MEASURED IN $ / BU",3.56
136,2018,MARKETING YEAR,INDIANA,18,"CORN, GRAIN - PRICE RECEIVED, MEASURED IN $ / BU",3.78
92,2019,MARKETING YEAR,INDIANA,18,"CORN, GRAIN - PRICE RECEIVED, MEASURED IN $ / BU",3.84
51,2020,MARKETING YEAR,INDIANA,18,"CORN, GRAIN - PRICE RECEIVED, MEASURED IN $ / BU",4.65
10,2021,MARKETING YEAR,INDIANA,18,"CORN, GRAIN - PRICE RECEIVED, MEASURED IN $ / BU",5.45
1013,1997,MARKETING YEAR,IOWA,19,"CORN, GRAIN - PRICE RECEIVED, MEASURED IN $ / BU",2.33
972,1998,MARKETING YEAR,IOWA,19,"CORN, GRAIN - PRICE RECEIVED, MEASURED IN $ / BU",1.86
931,1999,MARKETING YEAR,IOWA,19,"CORN, GRAIN - PRICE RECEIVED, MEASURED IN $ / BU",1.72
890,2000,MARKETING YEAR,IOWA,19,"CORN, GRAIN - PRICE RECEIVED, MEASURED IN $ / BU",1.75
849,2001,MARKETING YEAR,IOWA,19,"CORN, GRAIN - PRICE RECEIVED, MEASURED IN $ / BU",1.9
808,2002,MARKETING YEAR,IOWA,19,"CORN, GRAIN - PRICE RECEIVED, MEASURED IN $ / BU",2.22
767,2003,MARKETING YEAR,IOWA,19,"CORN, GRAIN - PRICE RECEIVED, MEASURED IN $ / BU",2.37
726,2004,MARKETING YEAR,IOWA,19,"CORN, GRAIN - PRICE RECEIVED, MEASURED IN $ / BU",1.99
685,2005,MARKETING YEAR,IOWA,19,"CORN, GRAIN - PRICE RECEIVED, MEASURED IN $ / BU",1.94
644,2006,MARKETING YEAR,IOWA,19,"CORN, GRAIN - PRICE RECEIVED, MEASURED IN $ / BU",3.03
603,2007,MARKETING YEAR,IOWA,19,"CORN, GRAIN - PRICE RECEIVED, MEASURED IN $ / BU",4.29
562,2008,MARKETING YEAR,IOWA,19,"CORN, GRAIN - PRICE RECEIVED, MEASURED IN $ / BU",4.1
521,2009,MARKETING YEAR,IOWA,19,"CORN, GRAIN - PRICE RECEIVED, MEASURED IN $ / BU",3.59
480,2010,MARKETING YEAR,IOWA,19,"CORN, GRAIN - PRICE RECEIVED, MEASURED IN $ / BU",5.23
439,2011,MARKETING YEAR,IOWA,19,"CORN, GRAIN - PRICE RECEIVED, MEASURED IN $ / BU",6.2
398,2012,MARKETING YEAR,IOWA,19,"CORN, GRAIN - PRICE RECEIVED, MEASURED IN $ / BU",6.92
357,2013,MARKETING YEAR,IOWA,19,"CORN, GRAIN - PRICE RECEIVED, MEASURED IN $ / BU",4.49
316,2014,MARKETING YEAR,IOWA,19,"CORN, GRAIN - PRICE RECEIVED, MEASURED IN $ / BU",3.71
275,2015,MARKETING YEAR,IOWA,19,"CORN, GRAIN - PRICE RECEIVED, MEASURED IN $ / BU",3.52
234,2016,MARKETING YEAR,IOWA,19,"CORN, GRAIN - PRICE RECEIVED, MEASURED IN $ / BU",3.3
187,2017,MARKETING YEAR,IOWA,19,"CORN, GRAIN - PRICE RECEIVED, MEASURED IN $ / BU",3.31
137,2018,MARKETING YEAR,IOWA,19,"CORN, GRAIN - PRICE RECEIVED, MEASURED IN $ / BU",3.59
93,2019,MARKETING YEAR,IOWA,19,"CORN, GRAIN - PRICE RECEIVED, MEASURED IN $ / BU",3.5
52,2020,MARKETING YEAR,IOWA,19,"CORN, GRAIN - PRICE RECEIVED, MEASURED IN $ / BU",4.64
11,2021,MARKETING YEAR,IOWA,19,"CORN, GRAIN - PRICE RECEIVED, MEASURED IN $ / BU",5.45
1014,1997,MARKETING YEAR,KANSAS,20,"CORN, GRAIN - PRICE RECEIVED, MEASURED IN $ / BU",2.47
973,1998,MARKETING YEAR,KANSAS,20,"CORN, GRAIN - PRICE RECEIVED, MEASURED IN $ / BU",1.96
932,1999,MARKETING YEAR,KANSAS,20,"CORN, GRAIN - PRICE RECEIVED, MEASURED IN $ / BU",1.81
891,2000,MARKETING YEAR,KANSAS,20,"CORN, GRAIN - PRICE RECEIVED, MEASURED IN $ / BU",2.0
850,2001,MARKETING YEAR,KANSAS,20,"CORN, GRAIN - PRICE RECEIVED, MEASURED IN $ / BU",2.03
809,2002,MARKETING YEAR,KANSAS,20,"CORN, GRAIN - PRICE RECEIVED, MEASURED IN $ / BU",2.48
768,2003,MARKETING YEAR,KANSAS,20,"CORN, GRAIN - PRICE RECEIVED, MEASURED IN $ / BU",2.51
727,2004,MARKETING YEAR,KANSAS,20,"CORN, GRAIN - PRICE RECEIVED, MEASURED IN $ / BU",2.12
686,2005,MARKETING YEAR,KANSAS,20,"CORN, GRAIN - PRICE RECEIVED, MEASURED IN $ / BU",2.07
645,2006,MARKETING YEAR,KANSAS,20,"CORN, GRAIN - PRICE RECEIVED, MEASURED IN $ / BU",3.08
604,2007,MARKETING YEAR,KANSAS,20,"CORN, GRAIN - PRICE RECEIVED, MEASURED IN $ / BU",4.13
563,2008,MARKETING YEAR,KANSAS,20,"CORN, GRAIN - PRICE RECEIVED, MEASURED IN $ / BU",4.12
522,2009,MARKETING YEAR,KANSAS,20,"CORN, GRAIN - PRICE RECEIVED, MEASURED IN $ / BU",3.49
481,2010,MARKETING YEAR,KANSAS,20,"CORN, GRAIN - PRICE RECEIVED, MEASURED IN $ / BU",4.95
440,2011,MARKETING YEAR,KANSAS,20,"CORN, GRAIN - PRICE RECEIVED, MEASURED IN $ / BU",6.28
399,2012,MARKETING YEAR,KANSAS,20,"CORN, GRAIN - PRICE RECEIVED, MEASURED IN $ / BU",7.04
358,2013,MARKETING YEAR,KANSAS,20,"CORN, GRAIN - PRICE RECEIVED, MEASURED IN $ / BU",4.49
317,2014,MARKETING YEAR,KANSAS,20,"CORN, GRAIN - PRICE RECEIVED, MEASURED IN $ / BU",3.78
276,2015,MARKETING YEAR,KANSAS,20,"CORN, GRAIN - PRICE RECEIVED, MEASURED IN $ / BU",3.69
235,2016,MARKETING YEAR,KANSAS,20,"CORN, GRAIN - PRICE RECEIVED, MEASURED IN $ / BU",3.2
188,2017,MARKETING YEAR,KANSAS,20,"CORN, GRAIN - PRICE RECEIVED, MEASURED IN $ / BU",3.28
138,2018,MARKETING YEAR,KANSAS,20,"CORN, GRAIN - PRICE RECEIVED, MEASURED IN $ / BU",3.58
94,2019,MARKETING YEAR,KANSAS,20,"CORN, GRAIN - PRICE RECEIVED, MEASURED IN $ / BU",3.56
53,2020,MARKETING YEAR,KANSAS,20,"CORN, GRAIN - PRICE RECEIVED, MEASURED IN $ / BU",4.35
12,2021,MARKETING YEAR,KANSAS,20,"CORN, GRAIN - PRICE RECEIVED, MEASURED IN $ / BU",5.55
1015,1997,MARKETING YEAR,KENTUCKY,21,"CORN, GRAIN - PRICE RECEIVED, MEASURED IN $ / BU",2.62
974,1998,MARKETING YEAR,KENTUCKY,21,"CORN, GRAIN - PRICE RECEIVED, MEASURED IN $ / BU",2.17
933,1999,MARKETING YEAR,KENTUCKY,21,"CORN, GRAIN - PRICE RECEIVED, MEASURED IN $ / BU",2.11
892,2000,MARKETING YEAR,KENTUCKY,21,"CORN, GRAIN - PRICE RECEIVED, MEASURED IN $ / BU",2.07
851,2001,MARKETING YEAR,KENTUCKY,21,"CORN, GRAIN - PRICE RECEIVED, MEASURED IN $ / BU",2.08
810,2002,MARKETING YEAR,KENTUCKY,21,"CORN, GRAIN - PRICE RECEIVED, MEASURED IN $ / BU",2.58
769,2003,MARKETING YEAR,KENTUCKY,21,"CORN, GRAIN - PRICE RECEIVED, MEASURED IN $ / BU",2.53
728,2004,MARKETING YEAR,KENTUCKY,21,"CORN, GRAIN - PRICE RECEIVED, MEASURED IN $ / BU",2.24
687,2005,MARKETING YEAR,KENTUCKY,21,"CORN, GRAIN - PRICE RECEIVED, MEASURED IN $ / BU",2.21
646,2006,MARKETING YEAR,KENTUCKY,21,"CORN, GRAIN - PRICE RECEIVED, MEASURED IN $ / BU",3.18
605,2007,MARKETING YEAR,KENTUCKY,21,"CORN, GRAIN - PRICE RECEIVED, MEASURED IN $ / BU",4.14
564,2008,MARKETING YEAR,KENTUCKY,21,"CORN, GRAIN - PRICE RECEIVED, MEASURED IN $ / BU",4.36
523,2009,MARKETING YEAR,KENTUCKY,21,"CORN, GRAIN - PRICE RECEIVED, MEASURED IN $ / BU",3.74
482,2010,MARKETING YEAR,KENTUCKY,21,"CORN, GRAIN - PRICE RECEIVED, MEASURED IN $ / BU",5.15
441,2011,MARKETING YEAR,KENTUCKY,21,"CORN, GRAIN - PRICE RECEIVED, MEASURED IN $ / BU",6.3
400,2012,MARKETING YEAR,KENTUCKY,21,"CORN, GRAIN - PRICE RECEIVED, MEASURED IN $ / BU",6.96
359,2013,MARKETING YEAR,KENTUCKY,21,"CORN, GRAIN - PRICE RECEIVED, MEASURED IN $ / BU",4.67
318,2014,MARKETING YEAR,KENTUCKY,21,"CORN, GRAIN - PRICE RECEIVED, MEASURED IN $ / BU",3.94
277,2015,MARKETING YEAR,KENTUCKY,21,"CORN, GRAIN - PRICE RECEIVED, MEASURED IN $ / BU",3.88
236,2016,MARKETING YEAR,KENTUCKY,21,"CORN, GRAIN - PRICE RECEIVED, MEASURED IN $ / BU",3.74
189,2017,MARKETING YEAR,KENTUCKY,21,"CORN, GRAIN - PRICE RECEIVED, MEASURED IN $ / BU",3.69
139,2018,MARKETING YEAR,KENTUCKY,21,"CORN, GRAIN - PRICE RECEIVED, MEASURED IN $ / BU",3.84
95,2019,MARKETING YEAR,KENTUCKY,21,"CORN, GRAIN - PRICE RECEIVED, MEASURED IN $ / BU",3.92
54,2020,MARKETING YEAR,KENTUCKY,21,"CORN, GRAIN - PRICE RECEIVED, MEASURED IN $ / BU",4.52
13,2021,MARKETING YEAR,KENTUCKY,21,"CORN, GRAIN - PRICE RECEIVED, MEASURED IN $ / BU",5.35
1016,1997,MARKETING YEAR,LOUISIANA,22,"CORN, GRAIN - PRICE RECEIVED, MEASURED IN $ / BU",2.7
975,1998,MARKETING YEAR,LOUISIANA,22,"CORN, GRAIN - PRICE RECEIVED, MEASURED IN $ / BU",2.05
934,1999,MARKETING YEAR,LOUISIANA,22,"CORN, GRAIN - PRICE RECEIVED, MEASURED IN $ / BU",2.05
893,2000,MARKETING YEAR,LOUISIANA,22,"CORN, GRAIN - PRICE RECEIVED, MEASURED IN $ / BU",1.75
852,2001,MARKETING YEAR,LOUISIANA,22,"CORN, GRAIN - PRICE RECEIVED, MEASURED IN $ / BU",2.2
811,2002,MARKETING YEAR,LOUISIANA,22,"CORN, GRAIN - PRICE RECEIVED, MEASURED IN $ / BU",2.4
770,2003,MARKETING YEAR,LOUISIANA,22,"CORN, GRAIN - PRICE RECEIVED, MEASURED IN $ / BU",2.4
729,2004,MARKETING YEAR,LOUISIANA,22,"CORN, GRAIN - PRICE RECEIVED, MEASURED IN $ / BU",2.45
688,2005,MARKETING YEAR,LOUISIANA,22,"CORN, GRAIN - PRICE RECEIVED, MEASURED IN $ / BU",2.25
647,2006,MARKETING YEAR,LOUISIANA,22,"CORN, GRAIN - PRICE RECEIVED, MEASURED IN $ / BU",2.8
606,2007,MARKETING YEAR,LOUISIANA,22,"CORN, GRAIN - PRICE RECEIVED, MEASURED IN $ / BU",3.8
565,2008,MARKETING YEAR,LOUISIANA,22,"CORN, GRAIN - PRICE RECEIVED, MEASURED IN $ / BU",4.45
524,2009,MARKETING YEAR,LOUISIANA,22,"CORN, GRAIN - PRICE RECEIVED, MEASURED IN $ / BU",3.55
483,2010,MARKETING YEAR,LOUISIANA,22,"CORN, GRAIN - PRICE RECEIVED, MEASURED IN $ / BU",4.9
442,2011,MARKETING YEAR,LOUISIANA,22,"CORN, GRAIN - PRICE RECEIVED, MEASURED IN $ / BU",6.1
401,2012,MARKETING YEAR,LOUISIANA,22,"CORN, GRAIN - PRICE RECEIVED, MEASURED IN $ / BU",6.9
360,2013,MARKETING YEAR,LOUISIANA,22,"CORN, GRAIN - PRICE RECEIVED, MEASURED IN $ / BU",5.1
319,2014,MARKETING YEAR,LOUISIANA,22,"CORN, GRAIN - PRICE RECEIVED, MEASURED IN $ / BU",4.15
278,2015,MARKETING YEAR,LOUISIANA,22,"CORN, GRAIN - PRICE RECEIVED, MEASURED IN $ / BU",4.0
237,2016,MARKETING YEAR,LOUISIANA,22,"CORN, GRAIN - PRICE RECEIVED, MEASURED IN $ / BU",3.7
190,2017,MARKETING YEAR,LOUISIANA,22,"CORN, GRAIN - PRICE RECEIVED, MEASURED IN $ / BU",3.72
140,2018,MARKETING YEAR,LOUISIANA,22,"CORN, GRAIN - PRICE RECEIVED, MEASURED IN $ / BU",3.86
96,2019,MARKETING YEAR,LOUISIANA,22,"CORN, GRAIN - PRICE RECEIVED, MEASURED IN $ / BU",3.86
55,2020,MARKETING YEAR,LOUISIANA,22,"CORN, GRAIN - PRICE RECEIVED, MEASURED IN $ / BU",3.74
14,2021,MARKETING YEAR,LOUISIANA,22,"CORN, GRAIN - PRICE RECEIVED, MEASURED IN $ / BU",5.2
1017,1997,MARKETING YEAR,MARYLAND,24,"CORN, GRAIN - PRICE RECEIVED, MEASURED IN $ / BU",2.98
976,1998,MARKETING YEAR,MARYLAND,24,"CORN, GRAIN - PRICE RECEIVED, MEASURED IN $ / BU",2.33
935,1999,MARKETING YEAR,MARYLAND,24,"CORN, GRAIN - PRICE RECEIVED, MEASURED IN $ / BU",2.36
894,2000,MARKETING YEAR,MARYLAND,24,"CORN, GRAIN - PRICE RECEIVED, MEASURED IN $ / BU",2.01
853,2001,MARKETING YEAR,MARYLAND,24,"CORN, GRAIN - PRICE RECEIVED, MEASURED IN $ / BU",2.18
812,2002,MARKETING YEAR,MARYLAND,24,"CORN, GRAIN - PRICE RECEIVED, MEASURED IN $ / BU",2.85
771,2003,MARKETING YEAR,MARYLAND,24,"CORN, GRAIN - PRICE RECEIVED, MEASURED IN $ / BU",2.83
730,2004,MARKETING YEAR,MARYLAND,24,"CORN, GRAIN - PRICE RECEIVED, MEASURED IN $ / BU",2.17
689,2005,MARKETING YEAR,MARYLAND,24,"CORN, GRAIN - PRICE RECEIVED, MEASURED IN $ / BU",2.19
648,2006,MARKETING YEAR,MARYLAND,24,"CORN, GRAIN - PRICE RECEIVED, MEASURED IN $ / BU",3.41
607,2007,MARKETING YEAR,MARYLAND,24,"CORN, GRAIN - PRICE RECEIVED, MEASURED IN $ / BU",4.64
566,2008,MARKETING YEAR,MARYLAND,24,"CORN, GRAIN - PRICE RECEIVED, MEASURED IN $ / BU",4.42
525,2009,MARKETING YEAR,MARYLAND,24,"CORN, GRAIN - PRICE RECEIVED, MEASURED IN $ / BU",3.71
484,2010,MARKETING YEAR,MARYLAND,24,"CORN, GRAIN - PRICE RECEIVED, MEASURED IN $ / BU",6.05
443,2011,MARKETING YEAR,MARYLAND,24,"CORN, GRAIN - PRICE RECEIVED, MEASURED IN $ / BU",6.7
402,2012,MARKETING YEAR,MARYLAND,24,"CORN, GRAIN - PRICE RECEIVED, MEASURED IN $ / BU",7.3
361,2013,MARKETING YEAR,MARYLAND,24,"CORN, GRAIN - PRICE RECEIVED, MEASURED IN $ / BU",4.84
320,2014,MARKETING YEAR,MARYLAND,24,"CORN, GRAIN - PRICE RECEIVED, MEASURED IN $ / BU",3.79
279,2015,MARKETING YEAR,MARYLAND,24,"CORN, GRAIN - PRICE RECEIVED, MEASURED IN $ / BU",3.88
238,2016,MARKETING YEAR,MARYLAND,24,"CORN, GRAIN - PRICE RECEIVED, MEASURED IN $ / BU",4.05
192,2017,MARKETING YEAR,MARYLAND,24,"CORN, GRAIN - PRICE RECEIVED, MEASURED IN $ / BU",4.02
142,2018,MARKETING YEAR,MARYLAND,24,"CORN, GRAIN - PRICE RECEIVED, MEASURED IN $ / BU",4.11
97,2019,MARKETING YEAR,MARYLAND,24,"CORN, GRAIN - PRICE RECEIVED, MEASURED IN $ / BU",4.3
56,2020,MARKETING YEAR,MARYLAND,24,"CORN, GRAIN - PRICE RECEIVED, MEASURED IN $ / BU",5.6
15,2021,MARKETING YEAR,MARYLAND,24,"CORN, GRAIN - PRICE RECEIVED, MEASURED IN $ / BU",5.95
1018,1997,MARKETING YEAR,MICHIGAN,26,"CORN, GRAIN - PRICE RECEIVED, MEASURED IN $ / BU",2.4
977,1998,MARKETING YEAR,MICHIGAN,26,"CORN, GRAIN - PRICE RECEIVED, MEASURED IN $ / BU",1.9
936,1999,MARKETING YEAR,MICHIGAN,26,"CORN, GRAIN - PRICE RECEIVED, MEASURED IN $ / BU",1.78
895,2000,MARKETING YEAR,MICHIGAN,26,"CORN, GRAIN - PRICE RECEIVED, MEASURED IN $ / BU",1.9
854,2001,MARKETING YEAR,MICHIGAN,26,"CORN, GRAIN - PRICE RECEIVED, MEASURED IN $ / BU",1.97
813,2002,MARKETING YEAR,MICHIGAN,26,"CORN, GRAIN - PRICE RECEIVED, MEASURED IN $ / BU",2.34
772,2003,MARKETING YEAR,MICHIGAN,26,"CORN, GRAIN - PRICE RECEIVED, MEASURED IN $ / BU",2.37
731,2004,MARKETING YEAR,MICHIGAN,26,"CORN, GRAIN - PRICE RECEIVED, MEASURED IN $ / BU",1.97
690,2005,MARKETING YEAR,MICHIGAN,26,"CORN, GRAIN - PRICE RECEIVED, MEASURED IN $ / BU",1.88
649,2006,MARKETING YEAR,MICHIGAN,26,"CORN, GRAIN - PRICE RECEIVED, MEASURED IN $ / BU",3.1
608,2007,MARKETING YEAR,MICHIGAN,26,"CORN, GRAIN - PRICE RECEIVED, MEASURED IN $ / BU",4.37
567,2008,MARKETING YEAR,MICHIGAN,26,"CORN, GRAIN - PRICE RECEIVED, MEASURED IN $ / BU",3.84
526,2009,MARKETING YEAR,MICHIGAN,26,"CORN, GRAIN - PRICE RECEIVED, MEASURED IN $ / BU",3.53
485,2010,MARKETING YEAR,MICHIGAN,26,"CORN, GRAIN - PRICE RECEIVED, MEASURED IN $ / BU",5.56
444,2011,MARKETING YEAR,MICHIGAN,26,"CORN, GRAIN - PRICE RECEIVED, MEASURED IN $ / BU",6.14
403,2012,MARKETING YEAR,MICHIGAN,26,"CORN, GRAIN - PRICE RECEIVED, MEASURED IN $ / BU",6.69
362,2013,MARKETING YEAR,MICHIGAN,26,"CORN, GRAIN - PRICE RECEIVED, MEASURED IN $ / BU",4.18
321,2014,MARKETING YEAR,MICHIGAN,26,"CORN, GRAIN - PRICE RECEIVED, MEASURED IN $ / BU",3.65
280,2015,MARKETING YEAR,MICHIGAN,26,"CORN, GRAIN - PRICE RECEIVED, MEASURED IN $ / BU",3.63
239,2016,MARKETING YEAR,MICHIGAN,26,"CORN, GRAIN - PRICE RECEIVED, MEASURED IN $ / BU",3.44
194,2017,MARKETING YEAR,MICHIGAN,26,"CORN, GRAIN - PRICE RECEIVED, MEASURED IN $ / BU",3.46
144,2018,MARKETING YEAR,MICHIGAN,26,"CORN, GRAIN - PRICE RECEIVED, MEASURED IN $ / BU",3.72
98,2019,MARKETING YEAR,MICHIGAN,26,"CORN, GRAIN - PRICE RECEIVED, MEASURED IN $ / BU",3.73
57,2020,MARKETING YEAR,MICHIGAN,26,"CORN, GRAIN - PRICE RECEIVED, MEASURED IN $ / BU",4.72
16,2021,MARKETING YEAR,MICHIGAN,26,"CORN, GRAIN - PRICE RECEIVED, MEASURED IN $ / BU",5.35
1019,1997,MARKETING YEAR,MINNESOTA,27,"CORN, GRAIN - PRICE RECEIVED, MEASURED IN $ / BU",2.15
978,1998,MARKETING YEAR,MINNESOTA,27,"CORN, GRAIN - PRICE RECEIVED, MEASURED IN $ / BU",1.71
937,1999,MARKETING YEAR,MINNESOTA,27,"CORN, GRAIN - PRICE RECEIVED, MEASURED IN $ / BU",1.6
896,2000,MARKETING YEAR,MINNESOTA,27,"CORN, GRAIN - PRICE RECEIVED, MEASURED IN $ / BU",1.71
855,2001,MARKETING YEAR,MINNESOTA,27,"CORN, GRAIN - PRICE RECEIVED, MEASURED IN $ / BU",1.9
814,2002,MARKETING YEAR,MINNESOTA,27,"CORN, GRAIN - PRICE RECEIVED, MEASURED IN $ / BU",2.15
773,2003,MARKETING YEAR,MINNESOTA,27,"CORN, GRAIN - PRICE RECEIVED, MEASURED IN $ / BU",2.35
732,2004,MARKETING YEAR,MINNESOTA,27,"CORN, GRAIN - PRICE RECEIVED, MEASURED IN $ / BU",1.94
691,2005,MARKETING YEAR,MINNESOTA,27,"CORN, GRAIN - PRICE RECEIVED, MEASURED IN $ / BU",1.86
650,2006,MARKETING YEAR,MINNESOTA,27,"CORN, GRAIN - PRICE RECEIVED, MEASURED IN $ / BU",2.89
609,2007,MARKETING YEAR,MINNESOTA,27,"CORN, GRAIN - PRICE RECEIVED, MEASURED IN $ / BU",4.13
568,2008,MARKETING YEAR,MINNESOTA,27,"CORN, GRAIN - PRICE RECEIVED, MEASURED IN $ / BU",3.92
527,2009,MARKETING YEAR,MINNESOTA,27,"CORN, GRAIN - PRICE RECEIVED, MEASURED IN $ / BU",3.47
486,2010,MARKETING YEAR,MINNESOTA,27,"CORN, GRAIN - PRICE RECEIVED, MEASURED IN $ / BU",5.01
445,2011,MARKETING YEAR,MINNESOTA,27,"CORN, GRAIN - PRICE RECEIVED, MEASURED IN $ / BU",6.09
404,2012,MARKETING YEAR,MINNESOTA,27,"CORN, GRAIN - PRICE RECEIVED, MEASURED IN $ / BU",6.67
363,2013,MARKETING YEAR,MINNESOTA,27,"CORN, GRAIN - PRICE RECEIVED, MEASURED IN $ / BU",4.3
322,2014,MARKETING YEAR,MINNESOTA,27,"CORN, GRAIN - PRICE RECEIVED, MEASURED IN $ / BU",3.58
281,2015,MARKETING YEAR,MINNESOTA,27,"CORN, GRAIN - PRICE RECEIVED, MEASURED IN $ / BU",3.37
240,2016,MARKETING YEAR,MINNESOTA,27,"CORN, GRAIN - PRICE RECEIVED, MEASURED IN $ / BU",3.21
195,2017,MARKETING YEAR,MINNESOTA,27,"CORN, GRAIN - PRICE RECEIVED, MEASURED IN $ / BU",3.18
145,2018,MARKETING YEAR,MINNESOTA,27,"CORN, GRAIN - PRICE RECEIVED, MEASURED IN $ / BU",3.47
99,2019,MARKETING YEAR,MINNESOTA,27,"CORN, GRAIN - PRICE RECEIVED, MEASURED IN $ / BU",3.26
58,2020,MARKETING YEAR,MINNESOTA,27,"CORN, GRAIN - PRICE RECEIVED, MEASURED IN $ / BU",4.52
17,2021,MARKETING YEAR,MINNESOTA,27,"CORN, GRAIN - PRICE RECEIVED, MEASURED IN $ / BU",5.35
1020,1997,MARKETING YEAR,MISSISSIPPI,28,"CORN, GRAIN - PRICE RECEIVED, MEASURED IN $ / BU",2.65
979,1998,MARKETING YEAR,MISSISSIPPI,28,"CORN, GRAIN - PRICE RECEIVED, MEASURED IN $ / BU",2.04
938,1999,MARKETING YEAR,MISSISSIPPI,28,"CORN, GRAIN - PRICE RECEIVED, MEASURED IN $ / BU",2.0
897,2000,MARKETING YEAR,MISSISSIPPI,28,"CORN, GRAIN - PRICE RECEIVED, MEASURED IN $ / BU",1.91
856,2001,MARKETING YEAR,MISSISSIPPI,28,"CORN, GRAIN - PRICE RECEIVED, MEASURED IN $ / BU",1.99
815,2002,MARKETING YEAR,MISSISSIPPI,28,"CORN, GRAIN - PRICE RECEIVED, MEASURED IN $ / BU",2.33
774,2003,MARKETING YEAR,MISSISSIPPI,28,"CORN, GRAIN - PRICE RECEIVED, MEASURED IN $ / BU",2.28
733,2004,MARKETING YEAR,MISSISSIPPI,28,"CORN, GRAIN - PRICE RECEIVED, MEASURED IN $ / BU",2.43
692,2005,MARKETING YEAR,MISSISSIPPI,28,"CORN, GRAIN - PRICE RECEIVED, MEASURED IN $ / BU",2.22
651,2006,MARKETING YEAR,MISSISSIPPI,28,"CORN, GRAIN - PRICE RECEIVED, MEASURED IN $ / BU",2.84
610,2007,MARKETING YEAR,MISSISSIPPI,28,"CORN, GRAIN - PRICE RECEIVED, MEASURED IN $ / BU",3.68
569,2008,MARKETING YEAR,MISSISSIPPI,28,"CORN, GRAIN - PRICE RECEIVED, MEASURED IN $ / BU",4.63
528,2009,MARKETING YEAR,MISSISSIPPI,28,"CORN, GRAIN - PRICE RECEIVED, MEASURED IN $ / BU",3.72
487,2010,MARKETING YEAR,MISSISSIPPI,28,"CORN, GRAIN - PRICE RECEIVED, MEASURED IN $ / BU",4.37
446,2011,MARKETING YEAR,MISSISSIPPI,28,"CORN, GRAIN - PRICE RECEIVED, MEASURED IN $ / BU",6.23
405,2012,MARKETING YEAR,MISSISSIPPI,28,"CORN, GRAIN - PRICE RECEIVED, MEASURED IN $ / BU",6.94
364,2013,MARKETING YEAR,MISSISSIPPI,28,"CORN, GRAIN - PRICE RECEIVED, MEASURED IN $ / BU",5.05
323,2014,MARKETING YEAR,MISSISSIPPI,28,"CORN, GRAIN - PRICE RECEIVED, MEASURED IN $ / BU",4.24
282,2015,MARKETING YEAR,MISSISSIPPI,28,"CORN, GRAIN - PRICE RECEIVED, MEASURED IN $ / BU",4.01
241,2016,MARKETING YEAR,MISSISSIPPI,28,"CORN, GRAIN - PRICE RECEIVED, MEASURED IN $ / BU",3.74
196,2017,MARKETING YEAR,MISSISSIPPI,28,"CORN, GRAIN - PRICE RECEIVED, MEASURED IN $ / BU",3.68
146,2018,MARKETING YEAR,MISSISSIPPI,28,"CORN, GRAIN - PRICE RECEIVED, MEASURED IN $ / BU",3.8
100,2019,MARKETING YEAR,MISSISSIPPI,28,"CORN, GRAIN - PRICE RECEIVED, MEASURED IN $ / BU",3.86
59,2020,MARKETING YEAR,MISSISSIPPI,28,"CORN, GRAIN - PRICE RECEIVED, MEASURED IN $ / BU",4.03
18,2021,MARKETING YEAR,MISSISSIPPI,28,"CORN, GRAIN - PRICE RECEIVED, MEASURED IN $ / BU",5.25
1021,1997,MARKETING YEAR,MISSOURI,29,"CORN, GRAIN - PRICE RECEIVED, MEASURED IN $ / BU",2.45
980,1998,MARKETING YEAR,MISSOURI,29,"CORN, GRAIN - PRICE RECEIVED, MEASURED IN $ / BU",1.92
939,1999,MARKETING YEAR,MISSOURI,29,"CORN, GRAIN - PRICE RECEIVED, MEASURED IN $ / BU",1.96
898,2000,MARKETING YEAR,MISSOURI,29,"CORN, GRAIN - PRICE RECEIVED, MEASURED IN $ / BU",1.78
857,2001,MARKETING YEAR,MISSOURI,29,"CORN, GRAIN - PRICE RECEIVED, MEASURED IN $ / BU",1.96
816,2002,MARKETING YEAR,MISSOURI,29,"CORN, GRAIN - PRICE RECEIVED, MEASURED IN $ / BU",2.45
775,2003,MARKETING YEAR,MISSOURI,29,"CORN, GRAIN - PRICE RECEIVED, MEASURED IN $ / BU",2.46
734,2004,MARKETING YEAR,MISSOURI,29,"CORN, GRAIN - PRICE RECEIVED, MEASURED IN $ / BU",2.03
693,2005,MARKETING YEAR,MISSOURI,29,"CORN, GRAIN - PRICE RECEIVED, MEASURED IN $ / BU",2.03
652,2006,MARKETING YEAR,MISSOURI,29,"CORN, GRAIN - PRICE RECEIVED, MEASURED IN $ / BU",3.06
611,2007,MARKETING YEAR,MISSOURI,29,"CORN, GRAIN - PRICE RECEIVED, MEASURED IN $ / BU",4.17
570,2008,MARKETING YEAR,MISSOURI,29,"CORN, GRAIN - PRICE RECEIVED, MEASURED IN $ / BU",4.11
529,2009,MARKETING YEAR,MISSOURI,29,"CORN, GRAIN - PRICE RECEIVED, MEASURED IN $ / BU",3.58
488,2010,MARKETING YEAR,MISSOURI,29,"CORN, GRAIN - PRICE RECEIVED, MEASURED IN $ / BU",5.35
447,2011,MARKETING YEAR,MISSOURI,29,"CORN, GRAIN - PRICE RECEIVED, MEASURED IN $ / BU",6.4
406,2012,MARKETING YEAR,MISSOURI,29,"CORN, GRAIN - PRICE RECEIVED, MEASURED IN $ / BU",7.34
365,2013,MARKETING YEAR,MISSOURI,29,"CORN, GRAIN - PRICE RECEIVED, MEASURED IN $ / BU",4.57
324,2014,MARKETING YEAR,MISSOURI,29,"CORN, GRAIN - PRICE RECEIVED, MEASURED IN $ / BU",3.54
283,2015,MARKETING YEAR,MISSOURI,29,"CORN, GRAIN - PRICE RECEIVED, MEASURED IN $ / BU",3.69
242,2016,MARKETING YEAR,MISSOURI,29,"CORN, GRAIN - PRICE RECEIVED, MEASURED IN $ / BU",3.4
197,2017,MARKETING YEAR,MISSOURI,29,"CORN, GRAIN - PRICE RECEIVED, MEASURED IN $ / BU",3.41
147,2018,MARKETING YEAR,MISSOURI,29,"CORN, GRAIN - PRICE RECEIVED, MEASURED IN $ / BU",3.68
101,2019,MARKETING YEAR,MISSOURI,29,"CORN, GRAIN - PRICE RECEIVED, MEASURED IN $ / BU",3.67
60,2020,MARKETING YEAR,MISSOURI,29,"CORN, GRAIN - PRICE RECEIVED, MEASURED IN $ / BU",4.59
19,2021,MARKETING YEAR,MISSOURI,29,"CORN, GRAIN - PRICE RECEIVED, MEASURED IN $ / BU",5.5
1022,1997,MARKETING YEAR,MONTANA,30,"CORN, GRAIN - PRICE RECEIVED, MEASURED IN $ / BU",2.4
981,1998,MARKETING YEAR,MONTANA,30,"CORN, GRAIN - PRICE RECEIVED, MEASURED IN $ / BU",1.9
940,1999,MARKETING YEAR,MONTANA,30,"CORN, GRAIN - PRICE RECEIVED, MEASURED IN $ / BU",1.55
899,2000,MARKETING YEAR,MONTANA,30,"CORN, GRAIN - PRICE RECEIVED, MEASURED IN $ / BU",1.53
858,2001,MARKETING YEAR,MONTANA,30,"CORN, GRAIN - PRICE RECEIVED, MEASURED IN $ / BU",1.89
817,2002,MARKETING YEAR,MONTANA,30,"CORN, GRAIN - PRICE RECEIVED, MEASURED IN $ / BU",2.45
776,2003,MARKETING YEAR,MONTANA,30,"CORN, GRAIN - PRICE RECEIVED, MEASURED IN $ / BU",2.65
735,2004,MARKETING YEAR,MONTANA,30,"CORN, GRAIN - PRICE RECEIVED, MEASURED IN $ / BU",2.42
694,2005,MARKETING YEAR,MONTANA,30,"CORN, GRAIN - PRICE RECEIVED, MEASURED IN $ / BU",2.54
653,2006,MARKETING YEAR,MONTANA,30,"CORN, GRAIN - PRICE RECEIVED, MEASURED IN $ / BU",3.93
612,2007,MARKETING YEAR,MONTANA,30,"CORN, GRAIN - PRICE RECEIVED, MEASURED IN $ / BU",4.76
571,2008,MARKETING YEAR,MONTANA,30,"CORN, GRAIN - PRICE RECEIVED, MEASURED IN $ / BU",3.8
530,2009,MARKETING YEAR,MONTANA,30,"CORN, GRAIN - PRICE RECEIVED, MEASURED IN $ / BU",4.23
489,2010,MARKETING YEAR,MONTANA,30,"CORN, GRAIN - PRICE RECEIVED, MEASURED IN $ / BU",6.0
448,2011,MARKETING YEAR,MONTANA,30,"CORN, GRAIN - PRICE RECEIVED, MEASURED IN $ / BU",6.47
407,2012,MARKETING YEAR,MONTANA,30,"CORN, GRAIN - PRICE RECEIVED, MEASURED IN $ / BU",7.21
366,2013,MARKETING YEAR,MONTANA,30,"CORN, GRAIN - PRICE RECEIVED, MEASURED IN $ / BU",4.27
325,2014,MARKETING YEAR,MONTANA,30,"CORN, GRAIN - PRICE RECEIVED, MEASURED IN $ / BU",3.77
284,2015,MARKETING YEAR,MONTANA,30,"CORN, GRAIN - PRICE RECEIVED, MEASURED IN $ / BU",4.01
243,2016,MARKETING YEAR,MONTANA,30,"CORN, GRAIN - PRICE RECEIVED, MEASURED IN $ / BU",4.15
198,2017,MARKETING YEAR,MONTANA,30,"CORN, GRAIN - PRICE RECEIVED, MEASURED IN $ / BU",3.41
148,2018,MARKETING YEAR,MONTANA,30,"CORN, GRAIN - PRICE RECEIVED, MEASURED IN $ / BU",3.79
102,2019,MARKETING YEAR,MONTANA,30,"CORN, GRAIN - PRICE RECEIVED, MEASURED IN $ / BU",3.7
61,2020,MARKETING YEAR,MONTANA,30,"CORN, GRAIN - PRICE RECEIVED, MEASURED IN $ / BU",4.4
20,2021,MARKETING YEAR,MONTANA,30,"CORN, GRAIN - PRICE RECEIVED, MEASURED IN $ / BU",5.3
1023,1997,MARKETING YEAR,NEBRASKA,31,"CORN, GRAIN - PRICE RECEIVED, MEASURED IN $ / BU",2.32
982,1998,MARKETING YEAR,NEBRASKA,31,"CORN, GRAIN - PRICE RECEIVED, MEASURED IN $ / BU",1.88
941,1999,MARKETING YEAR,NEBRASKA,31,"CORN, GRAIN - PRICE RECEIVED, MEASURED IN $ / BU",1.75
900,2000,MARKETING YEAR,NEBRASKA,31,"CORN, GRAIN - PRICE RECEIVED, MEASURED IN $ / BU",1.9
859,2001,MARKETING YEAR,NEBRASKA,31,"CORN, GRAIN - PRICE RECEIVED, MEASURED IN $ / BU",1.94
818,2002,MARKETING YEAR,NEBRASKA,31,"CORN, GRAIN - PRICE RECEIVED, MEASURED IN $ / BU",2.32
777,2003,MARKETING YEAR,NEBRASKA,31,"CORN, GRAIN - PRICE RECEIVED, MEASURED IN $ / BU",2.39
736,2004,MARKETING YEAR,NEBRASKA,31,"CORN, GRAIN - PRICE RECEIVED, MEASURED IN $ / BU",2.02
695,2005,MARKETING YEAR,NEBRASKA,31,"CORN, GRAIN - PRICE RECEIVED, MEASURED IN $ / BU",1.92
654,2006,MARKETING YEAR,NEBRASKA,31,"CORN, GRAIN - PRICE RECEIVED, MEASURED IN $ / BU",3.0
613,2007,MARKETING YEAR,NEBRASKA,31,"CORN, GRAIN - PRICE RECEIVED, MEASURED IN $ / BU",4.14
572,2008,MARKETING YEAR,NEBRASKA,31,"CORN, GRAIN - PRICE RECEIVED, MEASURED IN $ / BU",4.05
531,2009,MARKETING YEAR,NEBRASKA,31,"CORN, GRAIN - PRICE RECEIVED, MEASURED IN $ / BU",3.58
490,2010,MARKETING YEAR,NEBRASKA,31,"CORN, GRAIN - PRICE RECEIVED, MEASURED IN $ / BU",5.09
449,2011,MARKETING YEAR,NEBRASKA,31,"CORN, GRAIN - PRICE RECEIVED, MEASURED IN $ / BU",6.11
408,2012,MARKETING YEAR,NEBRASKA,31,"CORN, GRAIN - PRICE RECEIVED, MEASURED IN $ / BU",6.85
367,2013,MARKETING YEAR,NEBRASKA,31,"CORN, GRAIN - PRICE RECEIVED, MEASURED IN $ / BU",4.47
326,2014,MARKETING YEAR,NEBRASKA,31,"CORN, GRAIN - PRICE RECEIVED, MEASURED IN $ / BU",3.77
285,2015,MARKETING YEAR,NEBRASKA,31,"CORN, GRAIN - PRICE RECEIVED, MEASURED IN $ / BU",3.57
244,2016,MARKETING YEAR,NEBRASKA,31,"CORN, GRAIN - PRICE RECEIVED, MEASURED IN $ / BU",3.32
199,2017,MARKETING YEAR,NEBRASKA,31,"CORN, GRAIN - PRICE RECEIVED, MEASURED IN $ / BU",3.35
149,2018,MARKETING YEAR,NEBRASKA,31,"CORN, GRAIN - PRICE RECEIVED, MEASURED IN $ / BU",3.58
103,2019,MARKETING YEAR,NEBRASKA,31,"CORN, GRAIN - PRICE RECEIVED, MEASURED IN $ / BU",3.52
62,2020,MARKETING YEAR,NEBRASKA,31,"CORN, GRAIN - PRICE RECEIVED, MEASURED IN $ / BU",4.47
21,2021,MARKETING YEAR,NEBRASKA,31,"CORN, GRAIN - PRICE RECEIVED, MEASURED IN $ / BU",5.4
1024,1997,MARKETING YEAR,NEW JERSEY,34,"CORN, GRAIN - PRICE RECEIVED, MEASURED IN $ / BU",2.8
983,1998,MARKETING YEAR,NEW JERSEY,34,"CORN, GRAIN - PRICE RECEIVED, MEASURED IN $ / BU",2.2
942,1999,MARKETING YEAR,NEW JERSEY,34,"CORN, GRAIN - PRICE RECEIVED, MEASURED IN $ / BU",2.2
901,2000,MARKETING YEAR,NEW JERSEY,34,"CORN, GRAIN - PRICE RECEIVED, MEASURED IN $ / BU",1.97
860,2001,MARKETING YEAR,NEW JERSEY,34,"CORN, GRAIN - PRICE RECEIVED, MEASURED IN $ / BU",2.09
819,2002,MARKETING YEAR,NEW JERSEY,34,"CORN, GRAIN - PRICE RECEIVED, MEASURED IN $ / BU",2.77
778,2003,MARKETING YEAR,NEW JERSEY,34,"CORN, GRAIN - PRICE RECEIVED, MEASURED IN $ / BU",2.81
737,2004,MARKETING YEAR,NEW JERSEY,34,"CORN, GRAIN - PRICE RECEIVED, MEASURED IN $ / BU",2.2
696,2005,MARKETING YEAR,NEW JERSEY,34,"CORN, GRAIN - PRICE RECEIVED, MEASURED IN $ / BU",2.12
655,2006,MARKETING YEAR,NEW JERSEY,34,"CORN, GRAIN - PRICE RECEIVED, MEASURED IN $ / BU",3.37
614,2007,MARKETING YEAR,NEW JERSEY,34,"CORN, GRAIN - PRICE RECEIVED, MEASURED IN $ / BU",4.65
573,2008,MARKETING YEAR,NEW JERSEY,34,"CORN, GRAIN - PRICE RECEIVED, MEASURED IN $ / BU",4.15
532,2009,MARKETING YEAR,NEW JERSEY,34,"CORN, GRAIN - PRICE RECEIVED, MEASURED IN $ / BU",3.73
491,2010,MARKETING YEAR,NEW JERSEY,34,"CORN, GRAIN - PRICE RECEIVED, MEASURED IN $ / BU",6.05
450,2011,MARKETING YEAR,NEW JERSEY,34,"CORN, GRAIN - PRICE RECEIVED, MEASURED IN $ / BU",6.8
409,2012,MARKETING YEAR,NEW JERSEY,34,"CORN, GRAIN - PRICE RECEIVED, MEASURED IN $ / BU",7.4
368,2013,MARKETING YEAR,NEW JERSEY,34,"CORN, GRAIN - PRICE RECEIVED, MEASURED IN $ / BU",4.66
327,2014,MARKETING YEAR,NEW JERSEY,34,"CORN, GRAIN - PRICE RECEIVED, MEASURED IN $ / BU",3.8
286,2015,MARKETING YEAR,NEW JERSEY,34,"CORN, GRAIN - PRICE RECEIVED, MEASURED IN $ / BU",3.85
245,2016,MARKETING YEAR,NEW JERSEY,34,"CORN, GRAIN - PRICE RECEIVED, MEASURED IN $ / BU",3.9
202,2017,MARKETING YEAR,NEW JERSEY,34,"CORN, GRAIN - PRICE RECEIVED, MEASURED IN $ / BU",3.75
152,2018,MARKETING YEAR,NEW JERSEY,34,"CORN, GRAIN - PRICE RECEIVED, MEASURED IN $ / BU",3.9
104,2019,MARKETING YEAR,NEW JERSEY,34,"CORN, GRAIN - PRICE RECEIVED, MEASURED IN $ / BU",4.3
63,2020,MARKETING YEAR,NEW JERSEY,34,"CORN, GRAIN - PRICE RECEIVED, MEASURED IN $ / BU",5.7
22,2021,MARKETING YEAR,NEW JERSEY,34,"CORN, GRAIN - PRICE RECEIVED, MEASURED IN $ / BU",6.1
1025,1997,MARKETING YEAR,NEW MEXICO,35,"CORN, GRAIN - PRICE RECEIVED, MEASURED IN $ / BU",2.85
984,1998,MARKETING YEAR,NEW MEXICO,35,"CORN, GRAIN - PRICE RECEIVED, MEASURED IN $ / BU",2.35
943,1999,MARKETING YEAR,NEW MEXICO,35,"CORN, GRAIN - PRICE RECEIVED, MEASURED IN $ / BU",2.41
902,2000,MARKETING YEAR,NEW MEXICO,35,"CORN, GRAIN - PRICE RECEIVED, MEASURED IN $ / BU",2.52
861,2001,MARKETING YEAR,NEW MEXICO,35,"CORN, GRAIN - PRICE RECEIVED, MEASURED IN $ / BU",2.4
820,2002,MARKETING YEAR,NEW MEXICO,35,"CORN, GRAIN - PRICE RECEIVED, MEASURED IN $ / BU",2.84
779,2003,MARKETING YEAR,NEW MEXICO,35,"CORN, GRAIN - PRICE RECEIVED, MEASURED IN $ / BU",2.96
738,2004,MARKETING YEAR,NEW MEXICO,35,"CORN, GRAIN - PRICE RECEIVED, MEASURED IN $ / BU",2.4
697,2005,MARKETING YEAR,NEW MEXICO,35,"CORN, GRAIN - PRICE RECEIVED, MEASURED IN $ / BU",2.6
656,2006,MARKETING YEAR,NEW MEXICO,35,"CORN, GRAIN - PRICE RECEIVED, MEASURED IN $ / BU",3.7
615,2007,MARKETING YEAR,NEW MEXICO,35,"CORN, GRAIN - PRICE RECEIVED, MEASURED IN $ / BU",5.2
574,2008,MARKETING YEAR,NEW MEXICO,35,"CORN, GRAIN - PRICE RECEIVED, MEASURED IN $ / BU",5.3
533,2009,MARKETING YEAR,NEW MEXICO,35,"CORN, GRAIN - PRICE RECEIVED, MEASURED IN $ / BU",4.12
492,2010,MARKETING YEAR,NEW MEXICO,35,"CORN, GRAIN - PRICE RECEIVED, MEASURED IN $ / BU",5.03
451,2011,MARKETING YEAR,NEW MEXICO,35,"CORN, GRAIN - PRICE RECEIVED, MEASURED IN $ / BU",6.35
410,2012,MARKETING YEAR,NEW MEXICO,35,"CORN, GRAIN - PRICE RECEIVED, MEASURED IN $ / BU",7.3
369,2013,MARKETING YEAR,NEW MEXICO,35,"CORN, GRAIN - PRICE RECEIVED, MEASURED IN $ / BU",5.18
328,2014,MARKETING YEAR,NEW MEXICO,35,"CORN, GRAIN - PRICE RECEIVED, MEASURED IN $ / BU",4.35
287,2015,MARKETING YEAR,NEW MEXICO,35,"CORN, GRAIN - PRICE RECEIVED, MEASURED IN $ / BU",4.58
246,2016,MARKETING YEAR,NEW MEXICO,35,"CORN, GRAIN - PRICE RECEIVED, MEASURED IN $ / BU",3.93
203,2017,MARKETING YEAR,NEW MEXICO,35,"CORN, GRAIN - PRICE RECEIVED, MEASURED IN $ / BU",3.9
153,2018,MARKETING YEAR,NEW MEXICO,35,"CORN, GRAIN - PRICE RECEIVED, MEASURED IN $ / BU",4.3
105,2019,MARKETING YEAR,NEW MEXICO,35,"CORN, GRAIN - PRICE RECEIVED, MEASURED IN $ / BU",4.4
64,2020,MARKETING YEAR,NEW MEXICO,35,"CORN, GRAIN - PRICE RECEIVED, MEASURED IN $ / BU",4.7
23,2021,MARKETING YEAR,NEW MEXICO,35,"CORN, GRAIN - PRICE RECEIVED, MEASURED IN $ / BU",5.7
1026,1997,MARKETING YEAR,NEW YORK,36,"CORN, GRAIN - PRICE RECEIVED, MEASURED IN $ / BU",2.62
985,1998,MARKETING YEAR,NEW YORK,36,"CORN, GRAIN - PRICE RECEIVED, MEASURED IN $ / BU",2.21
944,1999,MARKETING YEAR,NEW YORK,36,"CORN, GRAIN - PRICE RECEIVED, MEASURED IN $ / BU",2.24
903,2000,MARKETING YEAR,NEW YORK,36,"CORN, GRAIN - PRICE RECEIVED, MEASURED IN $ / BU",2.35
862,2001,MARKETING YEAR,NEW YORK,36,"CORN, GRAIN - PRICE RECEIVED, MEASURED IN $ / BU",2.51
821,2002,MARKETING YEAR,NEW YORK,36,"CORN, GRAIN - PRICE RECEIVED, MEASURED IN $ / BU",2.87
780,2003,MARKETING YEAR,NEW YORK,36,"CORN, GRAIN - PRICE RECEIVED, MEASURED IN $ / BU",2.82
739,2004,MARKETING YEAR,NEW YORK,36,"CORN, GRAIN - PRICE RECEIVED, MEASURED IN $ / BU",2.37
698,2005,MARKETING YEAR,NEW YORK,36,"CORN, GRAIN - PRICE RECEIVED, MEASURED IN $ / BU",2.29
657,2006,MARKETING YEAR,NEW YORK,36,"CORN, GRAIN - PRICE RECEIVED, MEASURED IN $ / BU",3.42
616,2007,MARKETING YEAR,NEW YORK,36,"CORN, GRAIN - PRICE RECEIVED, MEASURED IN $ / BU",5.05
575,2008,MARKETING YEAR,NEW YORK,36,"CORN, GRAIN - PRICE RECEIVED, MEASURED IN $ / BU",4.32
534,2009,MARKETING YEAR,NEW YORK,36,"CORN, GRAIN - PRICE RECEIVED, MEASURED IN $ / BU",4.02
493,2010,MARKETING YEAR,NEW YORK,36,"CORN, GRAIN - PRICE RECEIVED, MEASURED IN $ / BU",6.3
452,2011,MARKETING YEAR,NEW YORK,36,"CORN, GRAIN - PRICE RECEIVED, MEASURED IN $ / BU",6.9
411,2012,MARKETING YEAR,NEW YORK,36,"CORN, GRAIN - PRICE RECEIVED, MEASURED IN $ / BU",6.78
370,2013,MARKETING YEAR,NEW YORK,36,"CORN, GRAIN - PRICE RECEIVED, MEASURED IN $ / BU",4.52
329,2014,MARKETING YEAR,NEW YORK,36,"CORN, GRAIN - PRICE RECEIVED, MEASURED IN $ / BU",4.11
288,2015,MARKETING YEAR,NEW YORK,36,"CORN, GRAIN - PRICE RECEIVED, MEASURED IN $ / BU",4.01
247,2016,MARKETING YEAR,NEW YORK,36,"CORN, GRAIN - PRICE RECEIVED, MEASURED IN $ / BU",3.9
204,2017,MARKETING YEAR,NEW YORK,36,"CORN, GRAIN - PRICE RECEIVED, MEASURED IN $ / BU",4.07
154,2018,MARKETING YEAR,NEW YORK,36,"CORN, GRAIN - PRICE RECEIVED, MEASURED IN $ / BU",4.16
106,2019,MARKETING YEAR,NEW YORK,36,"CORN, GRAIN - PRICE RECEIVED, MEASURED IN $ / BU",4.2
65,2020,MARKETING YEAR,NEW YORK,36,"CORN, GRAIN - PRICE RECEIVED, MEASURED IN $ / BU",6.1
24,2021,MARKETING YEAR,NEW YORK,36,"CORN, GRAIN - PRICE RECEIVED, MEASURED IN $ / BU",6.5
1027,1997,MARKETING YEAR,NORTH CAROLINA,37,"CORN, GRAIN - PRICE RECEIVED, MEASURED IN $ / BU",2.83
986,1998,MARKETING YEAR,NORTH CAROLINA,37,"CORN, GRAIN - PRICE RECEIVED, MEASURED IN $ / BU",2.33
945,1999,MARKETING YEAR,NORTH CAROLINA,37,"CORN, GRAIN - PRICE RECEIVED, MEASURED IN $ / BU",2.27
904,2000,MARKETING YEAR,NORTH CAROLINA,37,"CORN, GRAIN - PRICE RECEIVED, MEASURED IN $ / BU",2.01
863,2001,MARKETING YEAR,NORTH CAROLINA,37,"CORN, GRAIN - PRICE RECEIVED, MEASURED IN $ / BU",2.36
822,2002,MARKETING YEAR,NORTH CAROLINA,37,"CORN, GRAIN - PRICE RECEIVED, MEASURED IN $ / BU",2.89
781,2003,MARKETING YEAR,NORTH CAROLINA,37,"CORN, GRAIN - PRICE RECEIVED, MEASURED IN $ / BU",2.68
740,2004,MARKETING YEAR,NORTH CAROLINA,37,"CORN, GRAIN - PRICE RECEIVED, MEASURED IN $ / BU",2.44
699,2005,MARKETING YEAR,NORTH CAROLINA,37,"CORN, GRAIN - PRICE RECEIVED, MEASURED IN $ / BU",2.33
658,2006,MARKETING YEAR,NORTH CAROLINA,37,"CORN, GRAIN - PRICE RECEIVED, MEASURED IN $ / BU",3.03
617,2007,MARKETING YEAR,NORTH CAROLINA,37,"CORN, GRAIN - PRICE RECEIVED, MEASURED IN $ / BU",4.0
576,2008,MARKETING YEAR,NORTH CAROLINA,37,"CORN, GRAIN - PRICE RECEIVED, MEASURED IN $ / BU",4.91
535,2009,MARKETING YEAR,NORTH CAROLINA,37,"CORN, GRAIN - PRICE RECEIVED, MEASURED IN $ / BU",3.9
494,2010,MARKETING YEAR,NORTH CAROLINA,37,"CORN, GRAIN - PRICE RECEIVED, MEASURED IN $ / BU",5.18
453,2011,MARKETING YEAR,NORTH CAROLINA,37,"CORN, GRAIN - PRICE RECEIVED, MEASURED IN $ / BU",7.04
412,2012,MARKETING YEAR,NORTH CAROLINA,37,"CORN, GRAIN - PRICE RECEIVED, MEASURED IN $ / BU",7.48
371,2013,MARKETING YEAR,NORTH CAROLINA,37,"CORN, GRAIN - PRICE RECEIVED, MEASURED IN $ / BU",4.96
330,2014,MARKETING YEAR,NORTH CAROLINA,37,"CORN, GRAIN - PRICE RECEIVED, MEASURED IN $ / BU",4.19
289,2015,MARKETING YEAR,NORTH CAROLINA,37,"CORN, GRAIN - PRICE RECEIVED, MEASURED IN $ / BU",4.32
248,2016,MARKETING YEAR,NORTH CAROLINA,37,"CORN, GRAIN - PRICE RECEIVED, MEASURED IN $ / BU",4.07
205,2017,MARKETING YEAR,NORTH CAROLINA,37,"CORN, GRAIN - PRICE RECEIVED, MEASURED IN $ / BU",4.24
155,2018,MARKETING YEAR,NORTH CAROLINA,37,"CORN, GRAIN - PRICE RECEIVED, MEASURED IN $ / BU",4.39
107,2019,MARKETING YEAR,NORTH CAROLINA,37,"CORN, GRAIN - PRICE RECEIVED, MEASURED IN $ / BU",4.41
66,2020,MARKETING YEAR,NORTH CAROLINA,37,"CORN, GRAIN - PRICE RECEIVED, MEASURED IN $ / BU",4.7
25,2021,MARKETING YEAR,NORTH CAROLINA,37,"CORN, GRAIN - PRICE RECEIVED, MEASURED IN $ / BU",5.95
1028,1997,MARKETING YEAR,NORTH DAKOTA,38,"CORN, GRAIN - PRICE RECEIVED, MEASURED IN $ / BU",2.12
987,1998,MARKETING YEAR,NORTH DAKOTA,38,"CORN, GRAIN - PRICE RECEIVED, MEASURED IN $ / BU",1.71
946,1999,MARKETING YEAR,NORTH DAKOTA,38,"CORN, GRAIN - PRICE RECEIVED, MEASURED IN $ / BU",1.59
905,2000,MARKETING YEAR,NORTH DAKOTA,38,"CORN, GRAIN - PRICE RECEIVED, MEASURED IN $ / BU",1.65
864,2001,MARKETING YEAR,NORTH DAKOTA,38,"CORN, GRAIN - PRICE RECEIVED, MEASURED IN $ / BU",1.87
823,2002,MARKETING YEAR,NORTH DAKOTA,38,"CORN, GRAIN - PRICE RECEIVED, MEASURED IN $ / BU",2.16
782,2003,MARKETING YEAR,NORTH DAKOTA,38,"CORN, GRAIN - PRICE RECEIVED, MEASURED IN $ / BU",2.37
741,2004,MARKETING YEAR,NORTH DAKOTA,38,"CORN, GRAIN - PRICE RECEIVED, MEASURED IN $ / BU",1.88
700,2005,MARKETING YEAR,NORTH DAKOTA,38,"CORN, GRAIN - PRICE RECEIVED, MEASURED IN $ / BU",1.8
659,2006,MARKETING YEAR,NORTH DAKOTA,38,"CORN, GRAIN - PRICE RECEIVED, MEASURED IN $ / BU",2.77
618,2007,MARKETING YEAR,NORTH DAKOTA,38,"CORN, GRAIN - PRICE RECEIVED, MEASURED IN $ / BU",4.06
577,2008,MARKETING YEAR,NORTH DAKOTA,38,"CORN, GRAIN - PRICE RECEIVED, MEASURED IN $ / BU",3.74
536,2009,MARKETING YEAR,NORTH DAKOTA,38,"CORN, GRAIN - PRICE RECEIVED, MEASURED IN $ / BU",3.18
495,2010,MARKETING YEAR,NORTH DAKOTA,38,"CORN, GRAIN - PRICE RECEIVED, MEASURED IN $ / BU",5.01
454,2011,MARKETING YEAR,NORTH DAKOTA,38,"CORN, GRAIN - PRICE RECEIVED, MEASURED IN $ / BU",5.81
413,2012,MARKETING YEAR,NORTH DAKOTA,38,"CORN, GRAIN - PRICE RECEIVED, MEASURED IN $ / BU",6.46
372,2013,MARKETING YEAR,NORTH DAKOTA,38,"CORN, GRAIN - PRICE RECEIVED, MEASURED IN $ / BU",3.91
331,2014,MARKETING YEAR,NORTH DAKOTA,38,"CORN, GRAIN - PRICE RECEIVED, MEASURED IN $ / BU",3.34
290,2015,MARKETING YEAR,NORTH DAKOTA,38,"CORN, GRAIN - PRICE RECEIVED, MEASURED IN $ / BU",3.28
249,2016,MARKETING YEAR,NORTH DAKOTA,38,"CORN, GRAIN - PRICE RECEIVED, MEASURED IN $ / BU",3.01
206,2017,MARKETING YEAR,NORTH DAKOTA,38,"CORN, GRAIN - PRICE RECEIVED, MEASURED IN $ / BU",3.04
156,2018,MARKETING YEAR,NORTH DAKOTA,38,"CORN, GRAIN - PRICE RECEIVED, MEASURED IN $ / BU",3.32
108,2019,MARKETING YEAR,NORTH DAKOTA,38,"CORN, GRAIN - PRICE RECEIVED, MEASURED IN $ / BU",3.07
67,2020,MARKETING YEAR,NORTH DAKOTA,38,"CORN, GRAIN - PRICE RECEIVED, MEASURED IN $ / BU",4.44
26,2021,MARKETING YEAR,NORTH DAKOTA,38,"CORN, GRAIN - PRICE RECEIVED, MEASURED IN $ / BU",5.3
1029,1997,MARKETING YEAR,OHIO,39,"CORN, GRAIN - PRICE RECEIVED, MEASURED IN $ / BU",2.48
988,1998,MARKETING YEAR,OHIO,39,"CORN, GRAIN - PRICE RECEIVED, MEASURED IN $ / BU",2.03
947,1999,MARKETING YEAR,OHIO,39,"CORN, GRAIN - PRICE RECEIVED, MEASURED IN $ / BU",1.89
906,2000,MARKETING YEAR,OHIO,39,"CORN, GRAIN - PRICE RECEIVED, MEASURED IN $ / BU",1.9
865,2001,MARKETING YEAR,OHIO,39,"CORN, GRAIN - PRICE RECEIVED, MEASURED IN $ / BU",2.0
824,2002,MARKETING YEAR,OHIO,39,"CORN, GRAIN - PRICE RECEIVED, MEASURED IN $ / BU",2.48
783,2003,MARKETING YEAR,OHIO,39,"CORN, GRAIN - PRICE RECEIVED, MEASURED IN $ / BU",2.45
742,2004,MARKETING YEAR,OHIO,39,"CORN, GRAIN - PRICE RECEIVED, MEASURED IN $ / BU",2.04
701,2005,MARKETING YEAR,OHIO,39,"CORN, GRAIN - PRICE RECEIVED, MEASURED IN $ / BU",1.98
660,2006,MARKETING YEAR,OHIO,39,"CORN, GRAIN - PRICE RECEIVED, MEASURED IN $ / BU",3.08
619,2007,MARKETING YEAR,OHIO,39,"CORN, GRAIN - PRICE RECEIVED, MEASURED IN $ / BU",4.29
578,2008,MARKETING YEAR,OHIO,39,"CORN, GRAIN - PRICE RECEIVED, MEASURED IN $ / BU",4.21
537,2009,MARKETING YEAR,OHIO,39,"CORN, GRAIN - PRICE RECEIVED, MEASURED IN $ / BU",3.55
496,2010,MARKETING YEAR,OHIO,39,"CORN, GRAIN - PRICE RECEIVED, MEASURED IN $ / BU",5.45
455,2011,MARKETING YEAR,OHIO,39,"CORN, GRAIN - PRICE RECEIVED, MEASURED IN $ / BU",6.44
414,2012,MARKETING YEAR,OHIO,39,"CORN, GRAIN - PRICE RECEIVED, MEASURED IN $ / BU",7.09
373,2013,MARKETING YEAR,OHIO,39,"CORN, GRAIN - PRICE RECEIVED, MEASURED IN $ / BU",4.41
332,2014,MARKETING YEAR,OHIO,39,"CORN, GRAIN - PRICE RECEIVED, MEASURED IN $ / BU",3.78
291,2015,MARKETING YEAR,OHIO,39,"CORN, GRAIN - PRICE RECEIVED, MEASURED IN $ / BU",3.89
250,2016,MARKETING YEAR,OHIO,39,"CORN, GRAIN - PRICE RECEIVED, MEASURED IN $ / BU",3.61
207,2017,MARKETING YEAR,OHIO,39,"CORN, GRAIN - PRICE RECEIVED, MEASURED IN $ / BU",3.61
157,2018,MARKETING YEAR,OHIO,39,"CORN, GRAIN - PRICE RECEIVED, MEASURED IN $ / BU",3.74
109,2019,MARKETING YEAR,OHIO,39,"CORN, GRAIN - PRICE RECEIVED, MEASURED IN $ / BU",3.91
68,2020,MARKETING YEAR,OHIO,39,"CORN, GRAIN - PRICE RECEIVED, MEASURED IN $ / BU",4.69
27,2021,MARKETING YEAR,OHIO,39,"CORN, GRAIN - PRICE RECEIVED, MEASURED IN $ / BU",5.45
1030,1997,MARKETING YEAR,OKLAHOMA,40,"CORN, GRAIN - PRICE RECEIVED, MEASURED IN $ / BU",2.66
989,1998,MARKETING YEAR,OKLAHOMA,40,"CORN, GRAIN - PRICE RECEIVED, MEASURED IN $ / BU",2.1
948,1999,MARKETING YEAR,OKLAHOMA,40,"CORN, GRAIN - PRICE RECEIVED, MEASURED IN $ / BU",1.95
907,2000,MARKETING YEAR,OKLAHOMA,40,"CORN, GRAIN - PRICE RECEIVED, MEASURED IN $ / BU",2.1
866,2001,MARKETING YEAR,OKLAHOMA,40,"CORN, GRAIN - PRICE RECEIVED, MEASURED IN $ / BU",2.1
825,2002,MARKETING YEAR,OKLAHOMA,40,"CORN, GRAIN - PRICE RECEIVED, MEASURED IN $ / BU",2.45
784,2003,MARKETING YEAR,OKLAHOMA,40,"CORN, GRAIN - PRICE RECEIVED, MEASURED IN $ / BU",2.6
743,2004,MARKETING YEAR,OKLAHOMA,40,"CORN, GRAIN - PRICE RECEIVED, MEASURED IN $ / BU",2.53
702,2005,MARKETING YEAR,OKLAHOMA,40,"CORN, GRAIN - PRICE RECEIVED, MEASURED IN $ / BU",2.39
661,2006,MARKETING YEAR,OKLAHOMA,40,"CORN, GRAIN - PRICE RECEIVED, MEASURED IN $ / BU",3.17
620,2007,MARKETING YEAR,OKLAHOMA,40,"CORN, GRAIN - PRICE RECEIVED, MEASURED IN $ / BU",4.07
579,2008,MARKETING YEAR,OKLAHOMA,40,"CORN, GRAIN - PRICE RECEIVED, MEASURED IN $ / BU",4.46
538,2009,MARKETING YEAR,OKLAHOMA,40,"CORN, GRAIN - PRICE RECEIVED, MEASURED IN $ / BU",3.71
497,2010,MARKETING YEAR,OKLAHOMA,40,"CORN, GRAIN - PRICE RECEIVED, MEASURED IN $ / BU",4.66
456,2011,MARKETING YEAR,OKLAHOMA,40,"CORN, GRAIN - PRICE RECEIVED, MEASURED IN $ / BU",6.22
415,2012,MARKETING YEAR,OKLAHOMA,40,"CORN, GRAIN - PRICE RECEIVED, MEASURED IN $ / BU",7.04
374,2013,MARKETING YEAR,OKLAHOMA,40,"CORN, GRAIN - PRICE RECEIVED, MEASURED IN $ / BU",5.09
333,2014,MARKETING YEAR,OKLAHOMA,40,"CORN, GRAIN - PRICE RECEIVED, MEASURED IN $ / BU",4.11
292,2015,MARKETING YEAR,OKLAHOMA,40,"CORN, GRAIN - PRICE RECEIVED, MEASURED IN $ / BU",3.93
251,2016,MARKETING YEAR,OKLAHOMA,40,"CORN, GRAIN - PRICE RECEIVED, MEASURED IN $ / BU",3.39
208,2017,MARKETING YEAR,OKLAHOMA,40,"CORN, GRAIN - PRICE RECEIVED, MEASURED IN $ / BU",3.59
158,2018,MARKETING YEAR,OKLAHOMA,40,"CORN, GRAIN - PRICE RECEIVED, MEASURED IN $ / BU",3.86
110,2019,MARKETING YEAR,OKLAHOMA,40,"CORN, GRAIN - PRICE RECEIVED, MEASURED IN $ / BU",4.0
69,2020,MARKETING YEAR,OKLAHOMA,40,"CORN, GRAIN - PRICE RECEIVED, MEASURED IN $ / BU",4.35
28,2021,MARKETING YEAR,OKLAHOMA,40,"CORN, GRAIN - PRICE RECEIVED, MEASURED IN $ / BU",5.65
1031,1997,MARKETING YEAR,OREGON,41,"CORN, GRAIN - PRICE RECEIVED, MEASURED IN $ / BU",3.03
990,1998,MARKETING YEAR,OREGON,41,"CORN, GRAIN - PRICE RECEIVED, MEASURED IN $ / BU",2.45
949,1999,MARKETING YEAR,OREGON,41,"CORN, GRAIN - PRICE RECEIVED, MEASURED IN $ / BU",2.35
908,2000,MARKETING YEAR,OREGON,41,"CORN, GRAIN - PRICE RECEIVED, MEASURED IN $ / BU",2.41
867,2001,MARKETING YEAR,OREGON,41,"CORN, GRAIN - PRICE RECEIVED, MEASURED IN $ / BU",2.54
826,2002,MARKETING YEAR,OREGON,41,"CORN, GRAIN - PRICE RECEIVED, MEASURED IN $ / BU",2.88
785,2003,MARKETING YEAR,OREGON,41,"CORN, GRAIN - PRICE RECEIVED, MEASURED IN $ / BU",3.08
744,2004,MARKETING YEAR,OREGON,41,"CORN, GRAIN - PRICE RECEIVED, MEASURED IN $ / BU",2.75
703,2005,MARKETING YEAR,OREGON,41,"CORN, GRAIN - PRICE RECEIVED, MEASURED IN $ / BU",2.59
662,2006,MARKETING YEAR,OREGON,41,"CORN, GRAIN - PRICE RECEIVED, MEASURED IN $ / BU",3.24
621,2007,MARKETING YEAR,OREGON,41,"CORN, GRAIN - PRICE RECEIVED, MEASURED IN $ / BU",4.36
580,2008,MARKETING YEAR,OREGON,41,"CORN, GRAIN - PRICE RECEIVED, MEASURED IN $ / BU",4.15
539,2009,MARKETING YEAR,OREGON,41,"CORN, GRAIN - PRICE RECEIVED, MEASURED IN $ / BU",4.12
498,2010,MARKETING YEAR,OREGON,41,"CORN, GRAIN - PRICE RECEIVED, MEASURED IN $ / BU",5.94
457,2011,MARKETING YEAR,OREGON,41,"CORN, GRAIN - PRICE RECEIVED, MEASURED IN $ / BU",6.95
416,2012,MARKETING YEAR,OREGON,41,"CORN, GRAIN - PRICE RECEIVED, MEASURED IN $ / BU",6.96
375,2013,MARKETING YEAR,OREGON,41,"CORN, GRAIN - PRICE RECEIVED, MEASURED IN $ / BU",5.44
334,2014,MARKETING YEAR,OREGON,41,"CORN, GRAIN - PRICE RECEIVED, MEASURED IN $ / BU",4.45
293,2015,MARKETING YEAR,OREGON,41,"CORN, GRAIN - PRICE RECEIVED, MEASURED IN $ / BU",4.0
252,2016,MARKETING YEAR,OREGON,41,"CORN, GRAIN - PRICE RECEIVED, MEASURED IN $ / BU",4.25
209,2017,MARKETING YEAR,OREGON,41,"CORN, GRAIN - PRICE RECEIVED, MEASURED IN $ / BU",3.78
159,2018,MARKETING YEAR,OREGON,41,"CORN, GRAIN - PRICE RECEIVED, MEASURED IN $ / BU",4.13
111,2019,MARKETING YEAR,OREGON,41,"CORN, GRAIN - PRICE RECEIVED, MEASURED IN $ / BU",4.34
70,2020,MARKETING YEAR,OREGON,41,"CORN, GRAIN - PRICE RECEIVED, MEASURED IN $ / BU",5.45
29,2021,MARKETING YEAR,OREGON,41,"CORN, GRAIN - PRICE RECEIVED, MEASURED IN $ / BU",6.1
1032,1997,MARKETING YEAR,PENNSYLVANIA,42,"CORN, GRAIN - PRICE RECEIVED, MEASURED IN $ / BU",2.92
991,1998,MARKETING YEAR,PENNSYLVANIA,42,"CORN, GRAIN - PRICE RECEIVED, MEASURED IN $ / BU",2.48
950,1999,MARKETING YEAR,PENNSYLVANIA,42,"CORN, GRAIN - PRICE RECEIVED, MEASURED IN $ / BU",2.41
909,2000,MARKETING YEAR,PENNSYLVANIA,42,"CORN, GRAIN - PRICE RECEIVED, MEASURED IN $ / BU",2.09
868,2001,MARKETING YEAR,PENNSYLVANIA,42,"CORN, GRAIN - PRICE RECEIVED, MEASURED IN $ / BU",2.33
827,2002,MARKETING YEAR,PENNSYLVANIA,42,"CORN, GRAIN - PRICE RECEIVED, MEASURED IN $ / BU",2.97
786,2003,MARKETING YEAR,PENNSYLVANIA,42,"CORN, GRAIN - PRICE RECEIVED, MEASURED IN $ / BU",2.96
745,2004,MARKETING YEAR,PENNSYLVANIA,42,"CORN, GRAIN - PRICE RECEIVED, MEASURED IN $ / BU",2.25
704,2005,MARKETING YEAR,PENNSYLVANIA,42,"CORN, GRAIN - PRICE RECEIVED, MEASURED IN $ / BU",2.3
663,2006,MARKETING YEAR,PENNSYLVANIA,42,"CORN, GRAIN - PRICE RECEIVED, MEASURED IN $ / BU",3.54
622,2007,MARKETING YEAR,PENNSYLVANIA,42,"CORN, GRAIN - PRICE RECEIVED, MEASURED IN $ / BU",4.56
581,2008,MARKETING YEAR,PENNSYLVANIA,42,"CORN, GRAIN - PRICE RECEIVED, MEASURED IN $ / BU",4.16
540,2009,MARKETING YEAR,PENNSYLVANIA,42,"CORN, GRAIN - PRICE RECEIVED, MEASURED IN $ / BU",3.84
499,2010,MARKETING YEAR,PENNSYLVANIA,42,"CORN, GRAIN - PRICE RECEIVED, MEASURED IN $ / BU",6.12
458,2011,MARKETING YEAR,PENNSYLVANIA,42,"CORN, GRAIN - PRICE RECEIVED, MEASURED IN $ / BU",7.05
417,2012,MARKETING YEAR,PENNSYLVANIA,42,"CORN, GRAIN - PRICE RECEIVED, MEASURED IN $ / BU",7.21
376,2013,MARKETING YEAR,PENNSYLVANIA,42,"CORN, GRAIN - PRICE RECEIVED, MEASURED IN $ / BU",4.47
335,2014,MARKETING YEAR,PENNSYLVANIA,42,"CORN, GRAIN - PRICE RECEIVED, MEASURED IN $ / BU",3.9
294,2015,MARKETING YEAR,PENNSYLVANIA,42,"CORN, GRAIN - PRICE RECEIVED, MEASURED IN $ / BU",3.97
253,2016,MARKETING YEAR,PENNSYLVANIA,42,"CORN, GRAIN - PRICE RECEIVED, MEASURED IN $ / BU",4.04
210,2017,MARKETING YEAR,PENNSYLVANIA,42,"CORN, GRAIN - PRICE RECEIVED, MEASURED IN $ / BU",3.87
160,2018,MARKETING YEAR,PENNSYLVANIA,42,"CORN, GRAIN - PRICE RECEIVED, MEASURED IN $ / BU",4.22
112,2019,MARKETING YEAR,PENNSYLVANIA,42,"CORN, GRAIN - PRICE RECEIVED, MEASURED IN $ / BU",4.13
71,2020,MARKETING YEAR,PENNSYLVANIA,42,"CORN, GRAIN - PRICE RECEIVED, MEASURED IN $ / BU",5.51
30,2021,MARKETING YEAR,PENNSYLVANIA,42,"CORN, GRAIN - PRICE RECEIVED, MEASURED IN $ / BU",6.05
1033,1997,MARKETING YEAR,SOUTH CAROLINA,45,"CORN, GRAIN - PRICE RECEIVED, MEASURED IN $ / BU",2.79
992,1998,MARKETING YEAR,SOUTH CAROLINA,45,"CORN, GRAIN - PRICE RECEIVED, MEASURED IN $ / BU",2.4
951,1999,MARKETING YEAR,SOUTH CAROLINA,45,"CORN, GRAIN - PRICE RECEIVED, MEASURED IN $ / BU",2.29
910,2000,MARKETING YEAR,SOUTH CAROLINA,45,"CORN, GRAIN - PRICE RECEIVED, MEASURED IN $ / BU",2.1
869,2001,MARKETING YEAR,SOUTH CAROLINA,45,"CORN, GRAIN - PRICE RECEIVED, MEASURED IN $ / BU",2.2
828,2002,MARKETING YEAR,SOUTH CAROLINA,45,"CORN, GRAIN - PRICE RECEIVED, MEASURED IN $ / BU",2.7
787,2003,MARKETING YEAR,SOUTH CAROLINA,45,"CORN, GRAIN - PRICE RECEIVED, MEASURED IN $ / BU",2.7
746,2004,MARKETING YEAR,SOUTH CAROLINA,45,"CORN, GRAIN - PRICE RECEIVED, MEASURED IN $ / BU",2.3
705,2005,MARKETING YEAR,SOUTH CAROLINA,45,"CORN, GRAIN - PRICE RECEIVED, MEASURED IN $ / BU",2.19
664,2006,MARKETING YEAR,SOUTH CAROLINA,45,"CORN, GRAIN - PRICE RECEIVED, MEASURED IN $ / BU",2.98
623,2007,MARKETING YEAR,SOUTH CAROLINA,45,"CORN, GRAIN - PRICE RECEIVED, MEASURED IN $ / BU",3.88
582,2008,MARKETING YEAR,SOUTH CAROLINA,45,"CORN, GRAIN - PRICE RECEIVED, MEASURED IN $ / BU",4.59
541,2009,MARKETING YEAR,SOUTH CAROLINA,45,"CORN, GRAIN - PRICE RECEIVED, MEASURED IN $ / BU",3.86
500,2010,MARKETING YEAR,SOUTH CAROLINA,45,"CORN, GRAIN - PRICE RECEIVED, MEASURED IN $ / BU",5.49
459,2011,MARKETING YEAR,SOUTH CAROLINA,45,"CORN, GRAIN - PRICE RECEIVED, MEASURED IN $ / BU",6.6
418,2012,MARKETING YEAR,SOUTH CAROLINA,45,"CORN, GRAIN - PRICE RECEIVED, MEASURED IN $ / BU",7.5
377,2013,MARKETING YEAR,SOUTH CAROLINA,45,"CORN, GRAIN - PRICE RECEIVED, MEASURED IN $ / BU",4.67
336,2014,MARKETING YEAR,SOUTH CAROLINA,45,"CORN, GRAIN - PRICE RECEIVED, MEASURED IN $ / BU",3.9
295,2015,MARKETING YEAR,SOUTH CAROLINA,45,"CORN, GRAIN - PRICE RECEIVED, MEASURED IN $ / BU",4.06
254,2016,MARKETING YEAR,SOUTH CAROLINA,45,"CORN, GRAIN - PRICE RECEIVED, MEASURED IN $ / BU",3.69
212,2017,MARKETING YEAR,SOUTH CAROLINA,45,"CORN, GRAIN - PRICE RECEIVED, MEASURED IN $ / BU",4.4
162,2018,MARKETING YEAR,SOUTH CAROLINA,45,"CORN, GRAIN - PRICE RECEIVED, MEASURED IN $ / BU",4.5
113,2019,MARKETING YEAR,SOUTH CAROLINA,45,"CORN, GRAIN - PRICE RECEIVED, MEASURED IN $ / BU",4.64
72,2020,MARKETING YEAR,SOUTH CAROLINA,45,"CORN, GRAIN - PRICE RECEIVED, MEASURED IN $ / BU",4.36
31,2021,MARKETING YEAR,SOUTH CAROLINA,45,"CORN, GRAIN - PRICE RECEIVED, MEASURED IN $ / BU",5.9
1034,1997,MARKETING YEAR,SOUTH DAKOTA,46,"CORN, GRAIN - PRICE RECEIVED, MEASURED IN $ / BU",2.15
993,1998,MARKETING YEAR,SOUTH DAKOTA,46,"CORN, GRAIN - PRICE RECEIVED, MEASURED IN $ / BU",1.61
952,1999,MARKETING YEAR,SOUTH DAKOTA,46,"CORN, GRAIN - PRICE RECEIVED, MEASURED IN $ / BU",1.54
911,2000,MARKETING YEAR,SOUTH DAKOTA,46,"CORN, GRAIN - PRICE RECEIVED, MEASURED IN $ / BU",1.61
870,2001,MARKETING YEAR,SOUTH DAKOTA,46,"CORN, GRAIN - PRICE RECEIVED, MEASURED IN $ / BU",1.75
829,2002,MARKETING YEAR,SOUTH DAKOTA,46,"CORN, GRAIN - PRICE RECEIVED, MEASURED IN $ / BU",2.17
788,2003,MARKETING YEAR,SOUTH DAKOTA,46,"CORN, GRAIN - PRICE RECEIVED, MEASURED IN $ / BU",2.28
747,2004,MARKETING YEAR,SOUTH DAKOTA,46,"CORN, GRAIN - PRICE RECEIVED, MEASURED IN $ / BU",1.82
706,2005,MARKETING YEAR,SOUTH DAKOTA,46,"CORN, GRAIN - PRICE RECEIVED, MEASURED IN $ / BU",1.79
665,2006,MARKETING YEAR,SOUTH DAKOTA,46,"CORN, GRAIN - PRICE RECEIVED, MEASURED IN $ / BU",2.88
624,2007,MARKETING YEAR,SOUTH DAKOTA,46,"CORN, GRAIN - PRICE RECEIVED, MEASURED IN $ / BU",4.17
583,2008,MARKETING YEAR,SOUTH DAKOTA,46,"CORN, GRAIN - PRICE RECEIVED, MEASURED IN $ / BU",3.78
542,2009,MARKETING YEAR,SOUTH DAKOTA,46,"CORN, GRAIN - PRICE RECEIVED, MEASURED IN $ / BU",3.23
501,2010,MARKETING YEAR,SOUTH DAKOTA,46,"CORN, GRAIN - PRICE RECEIVED, MEASURED IN $ / BU",5.09
460,2011,MARKETING YEAR,SOUTH DAKOTA,46,"CORN, GRAIN - PRICE RECEIVED, MEASURED IN $ / BU",6.03
419,2012,MARKETING YEAR,SOUTH DAKOTA,46,"CORN, GRAIN - PRICE RECEIVED, MEASURED IN $ / BU",6.72
378,2013,MARKETING YEAR,SOUTH DAKOTA,46,"CORN, GRAIN - PRICE RECEIVED, MEASURED IN $ / BU",4.05
337,2014,MARKETING YEAR,SOUTH DAKOTA,46,"CORN, GRAIN - PRICE RECEIVED, MEASURED IN $ / BU",3.34
296,2015,MARKETING YEAR,SOUTH DAKOTA,46,"CORN, GRAIN - PRICE RECEIVED, MEASURED IN $ / BU",3.3
255,2016,MARKETING YEAR,SOUTH DAKOTA,46,"CORN, GRAIN - PRICE RECEIVED, MEASURED IN $ / BU",3.09
213,2017,MARKETING YEAR,SOUTH DAKOTA,46,"CORN, GRAIN - PRICE RECEIVED, MEASURED IN $ / BU",3.09
163,2018,MARKETING YEAR,SOUTH DAKOTA,46,"CORN, GRAIN - PRICE RECEIVED, MEASURED IN $ / BU",3.38
114,2019,MARKETING YEAR,SOUTH DAKOTA,46,"CORN, GRAIN - PRICE RECEIVED, MEASURED IN $ / BU",3.32
73,2020,MARKETING YEAR,SOUTH DAKOTA,46,"CORN, GRAIN - PRICE RECEIVED, MEASURED IN $ / BU",4.37
32,2021,MARKETING YEAR,SOUTH DAKOTA,46,"CORN, GRAIN - PRICE RECEIVED, MEASURED IN $ / BU",5.6
1035,1997,MARKETING YEAR,TENNESSEE,47,"CORN, GRAIN - PRICE RECEIVED, MEASURED IN $ / BU",2.65
994,1998,MARKETING YEAR,TENNESSEE,47,"CORN, GRAIN - PRICE RECEIVED, MEASURED IN $ / BU",2.13
953,1999,MARKETING YEAR,TENNESSEE,47,"CORN, GRAIN - PRICE RECEIVED, MEASURED IN $ / BU",1.92
912,2000,MARKETING YEAR,TENNESSEE,47,"CORN, GRAIN - PRICE RECEIVED, MEASURED IN $ / BU",1.96
871,2001,MARKETING YEAR,TENNESSEE,47,"CORN, GRAIN - PRICE RECEIVED, MEASURED IN $ / BU",2.06
830,2002,MARKETING YEAR,TENNESSEE,47,"CORN, GRAIN - PRICE RECEIVED, MEASURED IN $ / BU",2.58
789,2003,MARKETING YEAR,TENNESSEE,47,"CORN, GRAIN - PRICE RECEIVED, MEASURED IN $ / BU",2.37
748,2004,MARKETING YEAR,TENNESSEE,47,"CORN, GRAIN - PRICE RECEIVED, MEASURED IN $ / BU",2.17
707,2005,MARKETING YEAR,TENNESSEE,47,"CORN, GRAIN - PRICE RECEIVED, MEASURED IN $ / BU",2.07
666,2006,MARKETING YEAR,TENNESSEE,47,"CORN, GRAIN - PRICE RECEIVED, MEASURED IN $ / BU",2.93
625,2007,MARKETING YEAR,TENNESSEE,47,"CORN, GRAIN - PRICE RECEIVED, MEASURED IN $ / BU",3.8
584,2008,MARKETING YEAR,TENNESSEE,47,"CORN, GRAIN - PRICE RECEIVED, MEASURED IN $ / BU",4.53
543,2009,MARKETING YEAR,TENNESSEE,47,"CORN, GRAIN - PRICE RECEIVED, MEASURED IN $ / BU",3.65
502,2010,MARKETING YEAR,TENNESSEE,47,"CORN, GRAIN - PRICE RECEIVED, MEASURED IN $ / BU",4.74
461,2011,MARKETING YEAR,TENNESSEE,47,"CORN, GRAIN - PRICE RECEIVED, MEASURED IN $ / BU",6.56
420,2012,MARKETING YEAR,TENNESSEE,47,"CORN, GRAIN - PRICE RECEIVED, MEASURED IN $ / BU",7.28
379,2013,MARKETING YEAR,TENNESSEE,47,"CORN, GRAIN - PRICE RECEIVED, MEASURED IN $ / BU",4.87
338,2014,MARKETING YEAR,TENNESSEE,47,"CORN, GRAIN - PRICE RECEIVED, MEASURED IN $ / BU",3.81
297,2015,MARKETING YEAR,TENNESSEE,47,"CORN, GRAIN - PRICE RECEIVED, MEASURED IN $ / BU",3.92
256,2016,MARKETING YEAR,TENNESSEE,47,"CORN, GRAIN - PRICE RECEIVED, MEASURED IN $ / BU",3.66
214,2017,MARKETING YEAR,TENNESSEE,47,"CORN, GRAIN - PRICE RECEIVED, MEASURED IN $ / BU",3.55
164,2018,MARKETING YEAR,TENNESSEE,47,"CORN, GRAIN - PRICE RECEIVED, MEASURED IN $ / BU",3.76
115,2019,MARKETING YEAR,TENNESSEE,47,"CORN, GRAIN - PRICE RECEIVED, MEASURED IN $ / BU",3.78
74,2020,MARKETING YEAR,TENNESSEE,47,"CORN, GRAIN - PRICE RECEIVED, MEASURED IN $ / BU",4.7
33,2021,MARKETING YEAR,TENNESSEE,47,"CORN, GRAIN - PRICE RECEIVED, MEASURED IN $ / BU",5.45
1036,1997,MARKETING YEAR,TEXAS,48,"CORN, GRAIN - PRICE RECEIVED, MEASURED IN $ / BU",2.74
995,1998,MARKETING YEAR,TEXAS,48,"CORN, GRAIN - PRICE RECEIVED, MEASURED IN $ / BU",2.26
954,1999,MARKETING YEAR,TEXAS,48,"CORN, GRAIN - PRICE RECEIVED, MEASURED IN $ / BU",2.07
913,2000,MARKETING YEAR,TEXAS,48,"CORN, GRAIN - PRICE RECEIVED, MEASURED IN $ / BU",2.18
872,2001,MARKETING YEAR,TEXAS,48,"CORN, GRAIN - PRICE RECEIVED, MEASURED IN $ / BU",2.29
831,2002,MARKETING YEAR,TEXAS,48,"CORN, GRAIN - PRICE RECEIVED, MEASURED IN $ / BU",2.57
790,2003,MARKETING YEAR,TEXAS,48,"CORN, GRAIN - PRICE RECEIVED, MEASURED IN $ / BU",2.59
749,2004,MARKETING YEAR,TEXAS,48,"CORN, GRAIN - PRICE RECEIVED, MEASURED IN $ / BU",2.6
708,2005,MARKETING YEAR,TEXAS,48,"CORN, GRAIN - PRICE RECEIVED, MEASURED IN $ / BU",2.47
667,2006,MARKETING YEAR,TEXAS,48,"CORN, GRAIN - PRICE RECEIVED, MEASURED IN $ / BU",3.2
626,2007,MARKETING YEAR,TEXAS,48,"CORN, GRAIN - PRICE RECEIVED, MEASURED IN $ / BU",4.35
585,2008,MARKETING YEAR,TEXAS,48,"CORN, GRAIN - PRICE RECEIVED, MEASURED IN $ / BU",4.82
544,2009,MARKETING YEAR,TEXAS,48,"CORN, GRAIN - PRICE RECEIVED, MEASURED IN $ / BU",4.01
503,2010,MARKETING YEAR,TEXAS,48,"CORN, GRAIN - PRICE RECEIVED, MEASURED IN $ / BU",4.67
462,2011,MARKETING YEAR,TEXAS,48,"CORN, GRAIN - PRICE RECEIVED, MEASURED IN $ / BU",6.61
421,2012,MARKETING YEAR,TEXAS,48,"CORN, GRAIN - PRICE RECEIVED, MEASURED IN $ / BU",7.12
380,2013,MARKETING YEAR,TEXAS,48,"CORN, GRAIN - PRICE RECEIVED, MEASURED IN $ / BU",5.14
339,2014,MARKETING YEAR,TEXAS,48,"CORN, GRAIN - PRICE RECEIVED, MEASURED IN $ / BU",4.42
298,2015,MARKETING YEAR,TEXAS,48,"CORN, GRAIN - PRICE RECEIVED, MEASURED IN $ / BU",4.2
257,2016,MARKETING YEAR,TEXAS,48,"CORN, GRAIN - PRICE RECEIVED, MEASURED IN $ / BU",3.71
215,2017,MARKETING YEAR,TEXAS,48,"CORN, GRAIN - PRICE RECEIVED, MEASURED IN $ / BU",3.7
165,2018,MARKETING YEAR,TEXAS,48,"CORN, GRAIN - PRICE RECEIVED, MEASURED IN $ / BU",4.13
116,2019,MARKETING YEAR,TEXAS,48,"CORN, GRAIN - PRICE RECEIVED, MEASURED IN $ / BU",4.2
75,2020,MARKETING YEAR,TEXAS,48,"CORN, GRAIN - PRICE RECEIVED, MEASURED IN $ / BU",4.52
34,2021,MARKETING YEAR,TEXAS,48,"CORN, GRAIN - PRICE RECEIVED, MEASURED IN $ / BU",6.0
1037,1997,MARKETING YEAR,UTAH,49,"CORN, GRAIN - PRICE RECEIVED, MEASURED IN $ / BU",3.05
996,1998,MARKETING YEAR,UTAH,49,"CORN, GRAIN - PRICE RECEIVED, MEASURED IN $ / BU",2.45
955,1999,MARKETING YEAR,UTAH,49,"CORN, GRAIN - PRICE RECEIVED, MEASURED IN $ / BU",2.36
914,2000,MARKETING YEAR,UTAH,49,"CORN, GRAIN - PRICE RECEIVED, MEASURED IN $ / BU",2.61
873,2001,MARKETING YEAR,UTAH,49,"CORN, GRAIN - PRICE RECEIVED, MEASURED IN $ / BU",2.85
832,2002,MARKETING YEAR,UTAH,49,"CORN, GRAIN - PRICE RECEIVED, MEASURED IN $ / BU",3.18
791,2003,MARKETING YEAR,UTAH,49,"CORN, GRAIN - PRICE RECEIVED, MEASURED IN $ / BU",2.99
750,2004,MARKETING YEAR,UTAH,49,"CORN, GRAIN - PRICE RECEIVED, MEASURED IN $ / BU",2.56
709,2005,MARKETING YEAR,UTAH,49,"CORN, GRAIN - PRICE RECEIVED, MEASURED IN $ / BU",2.77
668,2006,MARKETING YEAR,UTAH,49,"CORN, GRAIN - PRICE RECEIVED, MEASURED IN $ / BU",3.29
627,2007,MARKETING YEAR,UTAH,49,"CORN, GRAIN - PRICE RECEIVED, MEASURED IN $ / BU",4.18
586,2008,MARKETING YEAR,UTAH,49,"CORN, GRAIN - PRICE RECEIVED, MEASURED IN $ / BU",4.4
545,2009,MARKETING YEAR,UTAH,49,"CORN, GRAIN - PRICE RECEIVED, MEASURED IN $ / BU",4.52
504,2010,MARKETING YEAR,UTAH,49,"CORN, GRAIN - PRICE RECEIVED, MEASURED IN $ / BU",5.75
463,2011,MARKETING YEAR,UTAH,49,"CORN, GRAIN - PRICE RECEIVED, MEASURED IN $ / BU",6.97
422,2012,MARKETING YEAR,UTAH,49,"CORN, GRAIN - PRICE RECEIVED, MEASURED IN $ / BU",7.59
381,2013,MARKETING YEAR,UTAH,49,"CORN, GRAIN - PRICE RECEIVED, MEASURED IN $ / BU",5.47
340,2014,MARKETING YEAR,UTAH,49,"CORN, GRAIN - PRICE RECEIVED, MEASURED IN $ / BU",4.13
299,2015,MARKETING YEAR,UTAH,49,"CORN, GRAIN - PRICE RECEIVED, MEASURED IN $ / BU",4.68
258,2016,MARKETING YEAR,UTAH,49,"CORN, GRAIN - PRICE RECEIVED, MEASURED IN $ / BU",3.87
216,2017,MARKETING YEAR,UTAH,49,"CORN, GRAIN - PRICE RECEIVED, MEASURED IN $ / BU",3.96
166,2018,MARKETING YEAR,UTAH,49,"CORN, GRAIN - PRICE RECEIVED, MEASURED IN $ / BU",4.31
117,2019,MARKETING YEAR,UTAH,49,"CORN, GRAIN - PRICE RECEIVED, MEASURED IN $ / BU",4.3
76,2020,MARKETING YEAR,UTAH,49,"CORN, GRAIN - PRICE RECEIVED, MEASURED IN $ / BU",5.35
35,2021,MARKETING YEAR,UTAH,49,"CORN, GRAIN - PRICE RECEIVED, MEASURED IN $ / BU",6.0
1038,1997,MARKETING YEAR,VIRGINIA,51,"CORN, GRAIN - PRICE RECEIVED, MEASURED IN $ / BU",2.69
997,1998,MARKETING YEAR,VIRGINIA,51,"CORN, GRAIN - PRICE RECEIVED, MEASURED IN $ / BU",2.24
956,1999,MARKETING YEAR,VIRGINIA,51,"CORN, GRAIN - PRICE RECEIVED, MEASURED IN $ / BU",2.15
915,2000,MARKETING YEAR,VIRGINIA,51,"CORN, GRAIN - PRICE RECEIVED, MEASURED IN $ / BU",2.02
874,2001,MARKETING YEAR,VIRGINIA,51,"CORN, GRAIN - PRICE RECEIVED, MEASURED IN $ / BU",2.14
833,2002,MARKETING YEAR,VIRGINIA,51,"CORN, GRAIN - PRICE RECEIVED, MEASURED IN $ / BU",2.73
792,2003,MARKETING YEAR,VIRGINIA,51,"CORN, GRAIN - PRICE RECEIVED, MEASURED IN $ / BU",2.57
751,2004,MARKETING YEAR,VIRGINIA,51,"CORN, GRAIN - PRICE RECEIVED, MEASURED IN $ / BU",2.17
710,2005,MARKETING YEAR,VIRGINIA,51,"CORN, GRAIN - PRICE RECEIVED, MEASURED IN $ / BU",2.14
669,2006,MARKETING YEAR,VIRGINIA,51,"CORN, GRAIN - PRICE RECEIVED, MEASURED IN $ / BU",3.07
628,2007,MARKETING YEAR,VIRGINIA,51,"CORN, GRAIN - PRICE RECEIVED, MEASURED IN $ / BU",4.39
587,2008,MARKETING YEAR,VIRGINIA,51,"CORN, GRAIN - PRICE RECEIVED, MEASURED IN $ / BU",4.51
546,2009,MARKETING YEAR,VIRGINIA,51,"CORN, GRAIN - PRICE RECEIVED, MEASURED IN $ / BU",3.66
505,2010,MARKETING YEAR,VIRGINIA,51,"CORN, GRAIN - PRICE RECEIVED, MEASURED IN $ / BU",5.54
464,2011,MARKETING YEAR,VIRGINIA,51,"CORN, GRAIN - PRICE RECEIVED, MEASURED IN $ / BU",6.58
423,2012,MARKETING YEAR,VIRGINIA,51,"CORN, GRAIN - PRICE RECEIVED, MEASURED IN $ / BU",7.3
382,2013,MARKETING YEAR,VIRGINIA,51,"CORN, GRAIN - PRICE RECEIVED, MEASURED IN $ / BU",4.8
341,2014,MARKETING YEAR,VIRGINIA,51,"CORN, GRAIN - PRICE RECEIVED, MEASURED IN $ / BU",3.9
300,2015,MARKETING YEAR,VIRGINIA,51,"CORN, GRAIN - PRICE RECEIVED, MEASURED IN $ / BU",4.05
259,2016,MARKETING YEAR,VIRGINIA,51,"CORN, GRAIN - PRICE RECEIVED, MEASURED IN $ / BU",4.0
218,2017,MARKETING YEAR,VIRGINIA,51,"CORN, GRAIN - PRICE RECEIVED, MEASURED IN $ / BU",3.96
168,2018,MARKETING YEAR,VIRGINIA,51,"CORN, GRAIN - PRICE RECEIVED, MEASURED IN $ / BU",4.06
118,2019,MARKETING YEAR,VIRGINIA,51,"CORN, GRAIN - PRICE RECEIVED, MEASURED IN $ / BU",4.1
77,2020,MARKETING YEAR,VIRGINIA,51,"CORN, GRAIN - PRICE RECEIVED, MEASURED IN $ / BU",5.1
36,2021,MARKETING YEAR,VIRGINIA,51,"CORN, GRAIN - PRICE RECEIVED, MEASURED IN $ / BU",5.7
1039,1997,MARKETING YEAR,WASHINGTON,53,"CORN, GRAIN - PRICE RECEIVED, MEASURED IN $ / BU",3.0
998,1998,MARKETING YEAR,WASHINGTON,53,"CORN, GRAIN - PRICE RECEIVED, MEASURED IN $ / BU",2.45
957,1999,MARKETING YEAR,WASHINGTON,53,"CORN, GRAIN - PRICE RECEIVED, MEASURED IN $ / BU",2.33
916,2000,MARKETING YEAR,WASHINGTON,53,"CORN, GRAIN - PRICE RECEIVED, MEASURED IN $ / BU",2.53
875,2001,MARKETING YEAR,WASHINGTON,53,"CORN, GRAIN - PRICE RECEIVED, MEASURED IN $ / BU",2.56
834,2002,MARKETING YEAR,WASHINGTON,53,"CORN, GRAIN - PRICE RECEIVED, MEASURED IN $ / BU",2.84
793,2003,MARKETING YEAR,WASHINGTON,53,"CORN, GRAIN - PRICE RECEIVED, MEASURED IN $ / BU",3.0
752,2004,MARKETING YEAR,WASHINGTON,53,"CORN, GRAIN - PRICE RECEIVED, MEASURED IN $ / BU",2.97
711,2005,MARKETING YEAR,WASHINGTON,53,"CORN, GRAIN - PRICE RECEIVED, MEASURED IN $ / BU",2.81
670,2006,MARKETING YEAR,WASHINGTON,53,"CORN, GRAIN - PRICE RECEIVED, MEASURED IN $ / BU",3.72
629,2007,MARKETING YEAR,WASHINGTON,53,"CORN, GRAIN - PRICE RECEIVED, MEASURED IN $ / BU",4.5
588,2008,MARKETING YEAR,WASHINGTON,53,"CORN, GRAIN - PRICE RECEIVED, MEASURED IN $ / BU",4.56
547,2009,MARKETING YEAR,WASHINGTON,53,"CORN, GRAIN - PRICE RECEIVED, MEASURED IN $ / BU",4.59
506,2010,MARKETING YEAR,WASHINGTON,53,"CORN, GRAIN - PRICE RECEIVED, MEASURED IN $ / BU",6.08
465,2011,MARKETING YEAR,WASHINGTON,53,"CORN, GRAIN - PRICE RECEIVED, MEASURED IN $ / BU",6.22
424,2012,MARKETING YEAR,WASHINGTON,53,"CORN, GRAIN - PRICE RECEIVED, MEASURED IN $ / BU",6.69
383,2013,MARKETING YEAR,WASHINGTON,53,"CORN, GRAIN - PRICE RECEIVED, MEASURED IN $ / BU",5.29
342,2014,MARKETING YEAR,WASHINGTON,53,"CORN, GRAIN - PRICE RECEIVED, MEASURED IN $ / BU",4.9
301,2015,MARKETING YEAR,WASHINGTON,53,"CORN, GRAIN - PRICE RECEIVED, MEASURED IN $ / BU",4.3
260,2016,MARKETING YEAR,WASHINGTON,53,"CORN, GRAIN - PRICE RECEIVED, MEASURED IN $ / BU",4.71
219,2017,MARKETING YEAR,WASHINGTON,53,"CORN, GRAIN - PRICE RECEIVED, MEASURED IN $ / BU",4.05
169,2018,MARKETING YEAR,WASHINGTON,53,"CORN, GRAIN - PRICE RECEIVED, MEASURED IN $ / BU",4.11
119,2019,MARKETING YEAR,WASHINGTON,53,"CORN, GRAIN - PRICE RECEIVED, MEASURED IN $ / BU",4.13
78,2020,MARKETING YEAR,WASHINGTON,53,"CORN, GRAIN - PRICE RECEIVED, MEASURED IN $ / BU",4.7
37,2021,MARKETING YEAR,WASHINGTON,53,"CORN, GRAIN - PRICE RECEIVED, MEASURED IN $ / BU",5.8
1040,1997,MARKETING YEAR,WEST VIRGINIA,54,"CORN, GRAIN - PRICE RECEIVED, MEASURED IN $ / BU",2.8
999,1998,MARKETING YEAR,WEST VIRGINIA,54,"CORN, GRAIN - PRICE RECEIVED, MEASURED IN $ / BU",2.3
958,1999,MARKETING YEAR,WEST VIRGINIA,54,"CORN, GRAIN - PRICE RECEIVED, MEASURED IN $ / BU",2.41
917,2000,MARKETING YEAR,WEST VIRGINIA,54,"CORN, GRAIN - PRICE RECEIVED, MEASURED IN $ / BU",2.08
876,2001,MARKETING YEAR,WEST VIRGINIA,54,"CORN, GRAIN - PRICE RECEIVED, MEASURED IN $ / BU",2.29
835,2002,MARKETING YEAR,WEST VIRGINIA,54,"CORN, GRAIN - PRICE RECEIVED, MEASURED IN $ / BU",2.85
794,2003,MARKETING YEAR,WEST VIRGINIA,54,"CORN, GRAIN - PRICE RECEIVED, MEASURED IN $ / BU",2.72
753,2004,MARKETING YEAR,WEST VIRGINIA,54,"CORN, GRAIN - PRICE RECEIVED, MEASURED IN $ / BU",2.2
712,2005,MARKETING YEAR,WEST VIRGINIA,54,"CORN, GRAIN - PRICE RECEIVED, MEASURED IN $ / BU",2.17
671,2006,MARKETING YEAR,WEST VIRGINIA,54,"CORN, GRAIN - PRICE RECEIVED, MEASURED IN $ / BU",3.57
630,2007,MARKETING YEAR,WEST VIRGINIA,54,"CORN, GRAIN - PRICE RECEIVED, MEASURED IN $ / BU",4.6
589,2008,MARKETING YEAR,WEST VIRGINIA,54,"CORN, GRAIN - PRICE RECEIVED, MEASURED IN $ / BU",4.34
548,2009,MARKETING YEAR,WEST VIRGINIA,54,"CORN, GRAIN - PRICE RECEIVED, MEASURED IN $ / BU",3.57
507,2010,MARKETING YEAR,WEST VIRGINIA,54,"CORN, GRAIN - PRICE RECEIVED, MEASURED IN $ / BU",5.75
466,2011,MARKETING YEAR,WEST VIRGINIA,54,"CORN, GRAIN - PRICE RECEIVED, MEASURED IN $ / BU",6.5
425,2012,MARKETING YEAR,WEST VIRGINIA,54,"CORN, GRAIN - PRICE RECEIVED, MEASURED IN $ / BU",7.2
384,2013,MARKETING YEAR,WEST VIRGINIA,54,"CORN, GRAIN - PRICE RECEIVED, MEASURED IN $ / BU",4.7
343,2014,MARKETING YEAR,WEST VIRGINIA,54,"CORN, GRAIN - PRICE RECEIVED, MEASURED IN $ / BU",3.85
302,2015,MARKETING YEAR,WEST VIRGINIA,54,"CORN, GRAIN - PRICE RECEIVED, MEASURED IN $ / BU",3.95
261,2016,MARKETING YEAR,WEST VIRGINIA,54,"CORN, GRAIN - PRICE RECEIVED, MEASURED IN $ / BU",3.9
220,2017,MARKETING YEAR,WEST VIRGINIA,54,"CORN, GRAIN - PRICE RECEIVED, MEASURED IN $ / BU",3.95
170,2018,MARKETING YEAR,WEST VIRGINIA,54,"CORN, GRAIN - PRICE RECEIVED, MEASURED IN $ / BU",4.08
120,2019,MARKETING YEAR,WEST VIRGINIA,54,"CORN, GRAIN - PRICE RECEIVED, MEASURED IN $ / BU",4.1
79,2020,MARKETING YEAR,WEST VIRGINIA,54,"CORN, GRAIN - PRICE RECEIVED, MEASURED IN $ / BU",4.7
38,2021,MARKETING YEAR,WEST VIRGINIA,54,"CORN, GRAIN - PRICE RECEIVED, MEASURED IN $ / BU",5.4
1041,1997,MARKETING YEAR,WISCONSIN,55,"CORN, GRAIN - PRICE RECEIVED, MEASURED IN $ / BU",2.34
1000,1998,MARKETING YEAR,WISCONSIN,55,"CORN, GRAIN - PRICE RECEIVED, MEASURED IN $ / BU",1.84
959,1999,MARKETING YEAR,WISCONSIN,55,"CORN, GRAIN - PRICE RECEIVED, MEASURED IN $ / BU",1.77
918,2000,MARKETING YEAR,WISCONSIN,55,"CORN, GRAIN - PRICE RECEIVED, MEASURED IN $ / BU",1.86
877,2001,MARKETING YEAR,WISCONSIN,55,"CORN, GRAIN - PRICE RECEIVED, MEASURED IN $ / BU",1.97
836,2002,MARKETING YEAR,WISCONSIN,55,"CORN, GRAIN - PRICE RECEIVED, MEASURED IN $ / BU",2.22
795,2003,MARKETING YEAR,WISCONSIN,55,"CORN, GRAIN - PRICE RECEIVED, MEASURED IN $ / BU",2.35
754,2004,MARKETING YEAR,WISCONSIN,55,"CORN, GRAIN - PRICE RECEIVED, MEASURED IN $ / BU",2.15
713,2005,MARKETING YEAR,WISCONSIN,55,"CORN, GRAIN - PRICE RECEIVED, MEASURED IN $ / BU",1.94
672,2006,MARKETING YEAR,WISCONSIN,55,"CORN, GRAIN - PRICE RECEIVED, MEASURED IN $ / BU",3.04
631,2007,MARKETING YEAR,WISCONSIN,55,"CORN, GRAIN - PRICE RECEIVED, MEASURED IN $ / BU",4.11
590,2008,MARKETING YEAR,WISCONSIN,55,"CORN, GRAIN - PRICE RECEIVED, MEASURED IN $ / BU",3.89
549,2009,MARKETING YEAR,WISCONSIN,55,"CORN, GRAIN - PRICE RECEIVED, MEASURED IN $ / BU",3.57
508,2010,MARKETING YEAR,WISCONSIN,55,"CORN, GRAIN - PRICE RECEIVED, MEASURED IN $ / BU",5.27
467,2011,MARKETING YEAR,WISCONSIN,55,"CORN, GRAIN - PRICE RECEIVED, MEASURED IN $ / BU",6.02
426,2012,MARKETING YEAR,WISCONSIN,55,"CORN, GRAIN - PRICE RECEIVED, MEASURED IN $ / BU",6.69
385,2013,MARKETING YEAR,WISCONSIN,55,"CORN, GRAIN - PRICE RECEIVED, MEASURED IN $ / BU",4.38
344,2014,MARKETING YEAR,WISCONSIN,55,"CORN, GRAIN - PRICE RECEIVED, MEASURED IN $ / BU",3.67
303,2015,MARKETING YEAR,WISCONSIN,55,"CORN, GRAIN - PRICE RECEIVED, MEASURED IN $ / BU",3.46
262,2016,MARKETING YEAR,WISCONSIN,55,"CORN, GRAIN - PRICE RECEIVED, MEASURED IN $ / BU",3.28
221,2017,MARKETING YEAR,WISCONSIN,55,"CORN, GRAIN - PRICE RECEIVED, MEASURED IN $ / BU",3.3
171,2018,MARKETING YEAR,WISCONSIN,55,"CORN, GRAIN - PRICE RECEIVED, MEASURED IN $ / BU",3.52
121,2019,MARKETING YEAR,WISCONSIN,55,"CORN, GRAIN - PRICE RECEIVED, MEASURED IN $ / BU",3.43
80,2020,MARKETING YEAR,WISCONSIN,55,"CORN, GRAIN - PRICE RECEIVED, MEASURED IN $ / BU",4.44
39,2021,MARKETING YEAR,WISCONSIN,55,"CORN, GRAIN - PRICE RECEIVED, MEASURED IN $ / BU",5.2
1042,1997,MARKETING YEAR,WYOMING,56,"CORN, GRAIN - PRICE RECEIVED, MEASURED IN $ / BU",2.52
1001,1998,MARKETING YEAR,WYOMING,56,"CORN, GRAIN - PRICE RECEIVED, MEASURED IN $ / BU",2.0
960,1999,MARKETING YEAR,WYOMING,56,"CORN, GRAIN - PRICE RECEIVED, MEASURED IN $ / BU",1.94
919,2000,MARKETING YEAR,WYOMING,56,"CORN, GRAIN - PRICE RECEIVED, MEASURED IN $ / BU",2.02
878,2001,MARKETING YEAR,WYOMING,56,"CORN, GRAIN - PRICE RECEIVED, MEASURED IN $ / BU",2.3
837,2002,MARKETING YEAR,WYOMING,56,"CORN, GRAIN - PRICE RECEIVED, MEASURED IN $ / BU",2.6
796,2003,MARKETING YEAR,WYOMING,56,"CORN, GRAIN - PRICE RECEIVED, MEASURED IN $ / BU",2.5
755,2004,MARKETING YEAR,WYOMING,56,"CORN, GRAIN - PRICE RECEIVED, MEASURED IN $ / BU",2.48
714,2005,MARKETING YEAR,WYOMING,56,"CORN, GRAIN - PRICE RECEIVED, MEASURED IN $ / BU",2.45
673,2006,MARKETING YEAR,WYOMING,56,"CORN, GRAIN - PRICE RECEIVED, MEASURED IN $ / BU",2.64
632,2007,MARKETING YEAR,WYOMING,56,"CORN, GRAIN - PRICE RECEIVED, MEASURED IN $ / BU",3.12
591,2008,MARKETING YEAR,WYOMING,56,"CORN, GRAIN - PRICE RECEIVED, MEASURED IN $ / BU",4.25
550,2009,MARKETING YEAR,WYOMING,56,"CORN, GRAIN - PRICE RECEIVED, MEASURED IN $ / BU",4.06
509,2010,MARKETING YEAR,WYOMING,56,"CORN, GRAIN - PRICE RECEIVED, MEASURED IN $ / BU",5.31
468,2011,MARKETING YEAR,WYOMING,56,"CORN, GRAIN - PRICE RECEIVED, MEASURED IN $ / BU",6.2
427,2012,MARKETING YEAR,WYOMING,56,"CORN, GRAIN - PRICE RECEIVED, MEASURED IN $ / BU",7.05
386,2013,MARKETING YEAR,WYOMING,56,"CORN, GRAIN - PRICE RECEIVED, MEASURED IN $ / BU",4.08
345,2014,MARKETING YEAR,WYOMING,56,"CORN, GRAIN - PRICE RECEIVED, MEASURED IN $ / BU",3.8
304,2015,MARKETING YEAR,WYOMING,56,"CORN, GRAIN - PRICE RECEIVED, MEASURED IN $ / BU",3.44
263,2016,MARKETING YEAR,WYOMING,56,"CORN, GRAIN - PRICE RECEIVED, MEASURED IN $ / BU",3.39
222,2017,MARKETING YEAR,WYOMING,56,"CORN, GRAIN - PRICE RECEIVED, MEASURED IN $ / BU",3.35
172,2018,MARKETING YEAR,WYOMING,56,"CORN, GRAIN - PRICE RECEIVED, MEASURED IN $ / BU",3.69
122,2019,MARKETING YEAR,WYOMING,56,"CORN, GRAIN - PRICE RECEIVED, MEASURED IN $ / BU",3.45
81,2020,MARKETING YEAR,WYOMING,56,"CORN, GRAIN - PRICE RECEIVED, MEASURED IN $ / BU",3.95
40,2021,MARKETING YEAR,WYOMING,56,"CORN, GRAIN - PRICE RECEIVED, MEASURED IN $ / BU",5.25
